arm,framework,variant,endpoint,concurrency,rep,io_ms,rps_mean,rps_stddev,total_requests,lat_mean_ms,lat_p50_ms,lat_p95_ms,lat_p99_ms,lat_max_ms,non2xx,errors,timeouts,throughput_mb,cpu_samples,cpu_mean_pct,cpu_max_pct,mem_mean_mb,mem_max_mb,loop_p99_ms,loop_max_ms,rss_final_mb,link_util_pct,link_speed_mbps,items,routes,bloco,sessao
express-plain,express,plain,get,100,1,0,21996.54,308.35,1319769,3.83,3,7,8,214,0,0,0,10.425520839691162,120,98.729,100.76,36.08583333333333,36.68,15.515647,21.135359,82.7109375,0,0,1,0,run-20260923-231432,2026-09-23
express-plain,express,plain,get,100,2,0,21137.34,597.34,1268223,4.4,4,8,9,152,0,0,0,10.018098964691163,120,98.74366666666667,100.79,36.752,37.59,18.350079,19.349503,83.18359375,0,0,1,0,run-20260923-231432,2026-09-23
express-plain,express,plain,get,100,3,0,22473.34,719.56,1348337,3.75,3,8,8,188,0,0,0,10.651171875,120,98.74433333333333,100.78,38.66866666666667,39.3,17.055743,21.577727,83.23828125,0,0,1,0,run-20260923-231432,2026-09-23
express-plain,express,plain,get,100,4,0,21987.74,630.95,1319218,3.9,3,8,9,272,0,0,0,10.421223964691162,120,98.7005,100.76,37.727666666666664,38.32,17.416191,20.152319,84.125,0,0,1,0,run-20260923-231432,2026-09-23
express-plain,express,plain,get,100,5,0,22291.2,231.8,1337437,3.77,3,8,9,71,0,0,0,10.565104169845581,120,98.71216666666666,100.72,37.83583333333333,38.68,17.301503,20.201471,83.53125,0,0,1,0,run-20260923-231432,2026-09-23
express-plain,express,plain,get,10,1,0,22640.54,392.99,1358398,0.05,0,0,2,8,0,0,0,10.730989589691163,120,98.77416666666667,105.41,30.606333333333332,30.98,12.558335,14.426111,79.3828125,0,0,1,0,run-20260923-231432,2026-09-23
express-plain,express,plain,get,10,2,0,22243.74,549.43,1334624,0.05,0,0,2,8,0,0,0,10.543098964691161,120,98.78083333333333,100.82,30.993666666666666,32.0,12.484607,18.006015,79.1328125,0,0,1,0,run-20260923-231432,2026-09-23
express-plain,express,plain,get,10,3,0,21352.27,576.69,1281073,0.05,0,0,2,6,0,0,0,10.12018229484558,120,99.56766666666667,100.83,30.529666666666667,30.79,12.599295,14.180351,78.9609375,0,0,1,0,run-20260923-231432,2026-09-23
express-plain,express,plain,get,10,4,0,22237.34,341.03,1334198,0.05,0,0,2,6,0,0,0,10.54010416984558,120,98.762,100.75,31.643166666666666,32.91,12.648447,15.245311,78.8125,0,0,1,0,run-20260923-231432,2026-09-23
express-plain,express,plain,get,10,5,0,22496,408.1,1349765,0.05,0,0,2,7,0,0,0,10.6625,120,98.775,100.82,30.8485,32.05,12.443647,13.746175,79.27734375,0,0,1,0,run-20260923-231432,2026-09-23
express-plain,express,plain,get,500,1,0,19568.27,261.78,1174085,25.06,25,31,31,4605,0,0,0,9.275130214691162,120,98.66483333333333,100.66,58.21816666666667,58.83,28.377087,35.782655,99.734375,0,0,1,0,run-20260923-231432,2026-09-23
express-plain,express,plain,get,500,2,0,19343.2,210.97,1160573,25.35,26,31,32,4152,0,0,0,9.168229169845581,120,98.65183333333333,100.66,57.92366666666667,58.55,31.588351,32.063487,99.81640625,0,0,1,0,run-20260923-231432,2026-09-23
express-plain,express,plain,get,500,3,0,19406.94,259.37,1164420,25.3,26,31,32,3887,0,0,0,9.198958339691162,120,98.5855,100.71,58.82083333333333,59.43,28.606463,30.261247,100,0,0,1,0,run-20260923-231432,2026-09-23
express-plain,express,plain,get,500,4,0,19045.41,795.59,1142680,25.76,26,34,35,5074,0,0,0,9.02692057609558,120,99.4235,100.77,57.93116666666667,58.38,34.373631,35.717119,99.2734375,0,0,1,0,run-20260923-231432,2026-09-23
express-plain,express,plain,get,500,5,0,19418.14,259.72,1165081,25.26,26,31,31,3960,0,0,0,9.20390625,120,98.6565,100.79,57.78,58.28,29.360127,30.441471,99.73046875,0,0,1,0,run-20260923-231432,2026-09-23
express-plain,express,plain,post,100,1,0,17452.47,422.25,1047139,5.04,4,9,9,132,0,0,0,8.671582040786744,120,98.60683333333333,100.67,39.05416666666667,39.91,17.252351,23.937023,84.53515625,0,0,1,0,run-20260923-231432,2026-09-23
express-plain,express,plain,post,100,2,0,17736.74,257.34,1064142,4.93,4,10,10,201,0,0,0,8.812141933441161,120,98.6265,100.61,41.23983333333334,42.48,19.595263,22.052863,88.83984375,0,0,1,0,run-20260923-231432,2026-09-23
express-plain,express,plain,post,100,3,0,17258.14,427.55,1035401,5.1,4,9,10,307,0,0,0,8.573893232345581,120,98.62650000000001,100.65,38.894,39.88,17.448959,23.019519,84.70703125,0,0,1,0,run-20260923-231432,2026-09-23
express-plain,express,plain,post,100,4,0,17329,358.28,1039721,5.09,4,9,10,314,0,0,0,8.60986328125,120,98.613,100.61,37.717,38.54,17.252351,22.642687,83.76953125,0,0,1,0,run-20260923-231432,2026-09-23
express-plain,express,plain,post,100,5,0,17014.6,892.69,1020876,5.22,4,9,10,177,0,0,0,8.454264326095581,120,98.6145,100.65,38.0755,38.75,19.070975,23.871487,84.46484375,0,0,1,0,run-20260923-231432,2026-09-23
express-plain,express,plain,post,10,1,0,18264.8,365.28,1095901,0.05,0,1,2,8,0,0,0,9.075130214691162,120,98.663,100.62,30.399333333333335,31.1,12.525567,16.605183,79.86328125,0,0,1,0,run-20260923-231432,2026-09-23
express-plain,express,plain,post,10,2,0,18309.34,425.57,1098540,0.05,0,1,2,14,0,0,0,9.096614589691162,120,98.674,100.68,30.939833333333333,33.03,12.468223,16.572415,79.12109375,0,0,1,0,run-20260923-231432,2026-09-23
express-plain,express,plain,post,10,3,0,18038.67,407.98,1082323,0.06,0,1,2,9,0,0,0,8.962630214691162,120,98.661,100.69,31.640833333333333,32.45,12.754943,16.941055,79.4375,0,0,1,0,run-20260923-231432,2026-09-23
express-plain,express,plain,post,10,4,0,18008.2,408.37,1080507,0.06,0,1,2,10,0,0,0,8.947395839691161,120,98.65633333333334,100.63,31.391833333333334,32.42,12.648447,16.695295,79.19921875,0,0,1,0,run-20260923-231432,2026-09-23
express-plain,express,plain,post,10,5,0,17993.14,424.54,1079623,0.06,0,1,3,12,0,0,0,8.94072265625,120,99.42858333333334,100.65,30.710833333333333,32.04,12.640255,16.990207,79.21875,0,0,1,0,run-20260923-231432,2026-09-23
express-plain,express,plain,post,500,1,0,16109.74,233.36,966563,30.56,30,37,37,5299,0,0,0,8.004166669845581,120,98.59816666666667,100.62,57.1095,57.66,33.177599,39.419903,98.14453125,0,0,1,0,run-20260923-231432,2026-09-23
express-plain,express,plain,post,500,2,0,16198.74,175.66,971901,30.38,30,36,37,5791,0,0,0,8.04879557609558,120,98.56283333333333,100.62,56.774,57.51,33.423359,34.439167,98.3046875,0,0,1,0,run-20260923-231432,2026-09-23
express-plain,express,plain,post,500,3,0,15681.2,481.88,940817,31.37,31,39,40,5418,0,0,0,7.791015625,120,98.597,100.67,55.229,55.64,35.717119,36.929535,97.1484375,0,0,1,0,run-20260923-231432,2026-09-23
express-plain,express,plain,post,500,4,0,15579.47,211.39,934795,31.59,32,39,40,4384,0,0,0,7.741080732345581,120,98.58083333333333,100.66,57.95616666666667,58.75,40.796159,43.220991,99.5703125,0,0,1,0,run-20260923-231432,2026-09-23
express-plain,express,plain,post,500,5,0,16060.54,176.89,963598,30.63,30,37,37,5443,0,0,0,7.979752607345581,120,98.62716666666667,100.61,58.436,58.92,32.735231,40.501247,99.65625,0,0,1,0,run-20260923-231432,2026-09-23
express-zod,express,zod,get,100,1,0,22061.87,312.94,1323715,3.82,3,8,9,229,0,0,0,10.457552089691163,120,98.68633333333334,100.69,38.8545,39.48,17.563647,22.134783,84.08984375,0,0,1,0,run-20260923-231432,2026-09-23
express-zod,express,zod,get,100,2,0,22517.07,224.36,1350977,3.73,3,8,9,222,0,0,0,10.672005214691161,120,98.67666666666666,100.79,40.413333333333334,41.4,17.301503,22.593535,84.48046875,0,0,1,0,run-20260923-231432,2026-09-23
express-zod,express,zod,get,100,3,0,22401.34,247.04,1344057,3.74,3,8,9,24,0,0,0,10.617057294845582,120,98.7095,100.72,39.245666666666665,40.1,17.268735,18.268159,84.3828125,0,0,1,0,run-20260923-231432,2026-09-23
express-zod,express,zod,get,100,4,0,22287.47,275.46,1337227,3.77,3,8,9,222,0,0,0,10.563802089691162,120,98.65066666666667,100.66,36.24816666666666,38.37,17.530879,19.857407,83.5234375,0,0,1,0,run-20260923-231432,2026-09-23
express-zod,express,zod,get,100,5,0,21962.4,331.98,1317721,3.85,3,8,8,180,0,0,0,10.409114589691162,120,98.70466666666667,100.66,39.04816666666667,39.44,15.704063,19.169279,84.015625,0,0,1,0,run-20260923-231432,2026-09-23
express-zod,express,zod,get,10,1,0,22453.6,319.59,1347159,0.05,0,0,2,7,0,0,0,10.64205729484558,120,98.75783333333334,100.73,31.431166666666666,32.44,12.632063,17.039359,79.59765625,0,0,1,0,run-20260923-231432,2026-09-23
express-zod,express,zod,get,10,2,0,22433.34,389.97,1345997,0.05,0,0,2,5,0,0,0,10.633333339691163,120,98.71633333333334,100.81,31.455333333333332,32.05,12.656639,14.163967,79.95703125,0,0,1,0,run-20260923-231432,2026-09-23
express-zod,express,zod,get,10,3,0,22371.74,408.87,1342288,0.05,0,0,2,5,0,0,0,10.603776044845581,120,98.787,100.85,30.838666666666665,31.23,12.648447,14.172159,79.7109375,0,0,1,0,run-20260923-231432,2026-09-23
express-zod,express,zod,get,10,4,0,22202.67,629.13,1332137,0.05,0,0,2,6,0,0,0,10.52252604484558,120,98.70666666666666,100.72,31.061833333333333,31.82,12.664831,14.393343,79.91796875,0,0,1,0,run-20260923-231432,2026-09-23
express-zod,express,zod,get,10,5,0,22397.6,326,1343847,0.05,0,0,2,6,0,0,0,10.615494794845581,120,98.788,100.8,32.04083333333333,33.38,12.664831,14.131199,79.91796875,0,0,1,0,run-20260923-231432,2026-09-23
express-zod,express,zod,get,500,1,0,19601.34,293.89,1176074,25.02,26,31,31,3522,0,0,0,9.290625,120,98.6665,100.66,58.86116666666667,59.53,28.098559,32.161791,101.15625,0,0,1,0,run-20260923-231432,2026-09-23
express-zod,express,zod,get,500,2,0,19042.94,160.84,1142590,25.74,26,31,32,4709,0,0,0,9.02578125,120,98.652,100.69,58.88333333333333,59.55,30.572543,33.112063,100.75,0,0,1,0,run-20260923-231432,2026-09-23
express-zod,express,zod,get,500,3,0,19312,239.07,1158698,25.39,26,31,32,4227,0,0,0,9.152864589691163,120,98.64483333333334,100.69,58.32533333333333,59.34,28.459007,29.114367,101.6640625,0,0,1,0,run-20260923-231432,2026-09-23
express-zod,express,zod,get,500,4,0,19338.67,235.7,1160307,25.38,26,31,32,4541,0,0,0,9.165755214691162,120,98.58816666666667,100.67,58.824,59.38,28.278783,30.474239,100.078125,0,0,1,0,run-20260923-231432,2026-09-23
express-zod,express,zod,get,500,5,0,19488,223.98,1169276,25.17,26,31,31,3833,0,0,0,9.237239589691162,120,98.66233333333334,100.71,58.8365,59.25,28.131327,30.113791,100.2890625,0,0,1,0,run-20260923-231432,2026-09-23
express-zod,express,zod,post,100,1,0,16132.47,297.69,967894,5.9,5,10,10,324,0,0,0,8.015332040786744,120,98.59966666666666,100.6,38.17816666666667,38.57,18.104319,23.625727,82.96484375,0,0,1,0,run-20260923-231432,2026-09-23
express-zod,express,zod,post,100,2,0,16223.47,286.79,973392,5.87,5,10,10,336,0,0,0,8.060319013595581,120,99.34591666666667,100.58,38.32491666666667,39.21,17.858559,23.314431,84.109375,0,0,1,0,run-20260923-231432,2026-09-23
express-zod,express,zod,post,100,3,0,16370.94,290.32,982257,5.75,5,10,10,340,0,0,0,8.134309902191163,120,98.60183333333333,100.6,36.686166666666665,38.11,17.858559,23.150591,82.94921875,0,0,1,0,run-20260923-231432,2026-09-23
express-zod,express,zod,post,100,4,0,16209.34,324.08,972505,5.87,5,10,10,343,0,0,0,8.05367838859558,120,98.58316666666667,100.62,36.905833333333334,37.51,17.924095,25.280511,82.78515625,0,0,1,0,run-20260923-231432,2026-09-23
express-zod,express,zod,post,100,5,0,16083.34,321.2,964959,5.9,5,10,10,204,0,0,0,7.99140625,120,98.58033333333333,100.63,36.5165,36.84,17.956863,23.429119,82.96484375,0,0,1,0,run-20260923-231432,2026-09-23
express-zod,express,zod,post,10,1,0,16729.6,316.63,1003705,0.06,0,1,3,13,0,0,0,8.31158854484558,120,98.56266666666667,100.66,31.477833333333333,31.81,12.894207,21.512191,80.29296875,0,0,1,0,run-20260923-231432,2026-09-23
express-zod,express,zod,post,10,2,0,16621.47,365,997227,0.06,0,1,3,8,0,0,0,8.257682294845582,120,98.60716666666667,100.63,31.391666666666666,32.06,12.926975,16.777215,79.84375,0,0,1,0,run-20260923-231432,2026-09-23
express-zod,express,zod,post,10,3,0,16776.6,425.56,1006501,0.06,0,1,3,8,0,0,0,8.3349609375,120,98.62783333333333,100.76,31.654,33.11,12.787711,16.162815,79.82421875,0,0,1,0,run-20260923-231432,2026-09-23
express-zod,express,zod,post,10,4,0,16908.54,361.03,1014438,0.06,0,1,3,9,0,0,0,8.40094401359558,120,99.37175,100.58,31.102083333333333,33.07,12.918783,17.170431,80.08984375,0,0,1,0,run-20260923-231432,2026-09-23
express-zod,express,zod,post,10,5,0,16843.6,304.08,1010643,0.06,0,1,3,9,0,0,0,8.368847665786744,120,98.65283333333333,100.7,31.19183333333333,31.47,12.738559,16.809983,79.9453125,0,0,1,0,run-20260923-231432,2026-09-23
express-zod,express,zod,post,500,1,0,14566,243.23,873935,33.82,33,41,41,5543,0,0,0,7.2370442771911625,120,98.55616666666667,100.68,52.26316666666666,53.14,36.470783,41.943039,94.265625,0,0,1,0,run-20260923-231432,2026-09-23
express-zod,express,zod,post,500,2,0,14590,215.34,875356,33.77,34,43,44,7025,0,0,0,7.248958339691162,120,98.57983333333334,100.59,54.08316666666666,54.82,43.155455,45.318143,96.18359375,0,0,1,0,run-20260923-231432,2026-09-23
express-zod,express,zod,post,500,3,0,14838.4,358.61,890280,33.21,33,40,40,4689,0,0,0,7.372395839691162,120,99.30775,100.65,54.51883333333333,54.86,36.274175,49.774591,96.234375,0,0,1,0,run-20260923-231432,2026-09-23
express-zod,express,zod,post,500,4,0,14799.6,170.36,887954,33.31,33,40,41,3156,0,0,0,7.3532552146911625,120,99.34616666666666,100.66,55.1255,55.55,34.996223,55.312383,96.75390625,0,0,1,0,run-20260923-231432,2026-09-23
express-zod,express,zod,post,500,5,0,14712.8,236.52,882724,33.51,33,40,41,6156,0,0,0,7.310026044845581,120,98.62083333333334,100.7,55.048833333333334,55.74,35.815423,41.680895,96.69140625,0,0,1,0,run-20260923-231432,2026-09-23
fastify-plain,fastify,plain,get,100,1,0,111481.6,645.34,6688646,0.01,0,0,0,74,0,0,0,45.82083333969116,120,101.4245,102.92,29.09525,29.98,10.862591,12.812287,75.5390625,0,0,1,0,run-20260923-231432,2026-09-23
fastify-plain,fastify,plain,get,100,2,0,112112,859.1,6726736,0.01,0,0,0,53,0,0,0,46.08020833969116,120,101.3095,102.83,29.974833333333333,30.73,10.780671,20.119551,76.3203125,0,0,1,0,run-20260923-231432,2026-09-23
fastify-plain,fastify,plain,get,100,3,0,112456.54,957.65,6747429,0.01,0,0,0,60,0,0,0,46.223958339691166,120,100.536,102.83,29.739833333333333,30.52,10.747903,13.402111,76.73046875,0,0,1,0,run-20260923-231432,2026-09-23
fastify-plain,fastify,plain,get,100,4,0,109544.54,1903.63,6572458,0.01,0,0,0,84,0,0,0,45.024479169845584,120,101.54175000000001,103.09,29.589916666666667,30.16,10.797055,15.900671,75.6875,0,0,1,0,run-20260923-231432,2026-09-23
fastify-plain,fastify,plain,get,100,5,0,111324.8,986.41,6679468,0.01,0,0,0,64,0,0,0,45.75729166984558,120,100.5215,102.66,29.0285,29.52,10.821631,14.499839,75.9609375,0,0,1,0,run-20260923-231432,2026-09-23
fastify-plain,fastify,plain,get,10,1,0,113324.8,399.48,6799645,0.01,0,0,0,8,0,0,0,46.58125,120,100.8895,103.06,23.433,24.18,10.067967,11.804671,73.0859375,0,0,1,0,run-20260923-231432,2026-09-23
fastify-plain,fastify,plain,get,10,2,0,113784.54,242.05,6827246,0.01,0,0,0,10,0,0,0,46.77135416984558,120,100.90866666666666,103.04,23.622,24.34,10.067967,18.513919,72.9765625,0,0,1,0,run-20260923-231432,2026-09-23
fastify-plain,fastify,plain,get,10,3,0,114813.87,325.6,6888307,0.01,0,0,0,10,0,0,0,47.1890625,120,100.93866666666666,103.05,24.027833333333334,24.74,10.067967,18.415615,72.77734375,0,0,1,0,run-20260923-231432,2026-09-23
fastify-plain,fastify,plain,get,10,4,0,114088.54,297.33,6845664,0.01,0,0,0,5,0,0,0,46.897395839691164,120,100.89383333333333,103.16,23.7915,24.24,10.084351,12.091391,73.17578125,0,0,1,0,run-20260923-231432,2026-09-23
fastify-plain,fastify,plain,get,10,5,0,114584.54,216.12,6874808,0.01,0,0,0,7,0,0,0,47.09739583969116,120,100.969,103.18,23.485,23.94,10.067967,16.130047,72.96875,0,0,1,0,run-20260923-231432,2026-09-23
fastify-plain,fastify,plain,get,500,1,0,102187.74,1681.33,6131400,4.16,4,5,10,879,0,0,0,42.00260416984558,120,100.25116666666666,102.59,39.65416666666667,40.15,18.644991,20.709375,83.078125,0,0,1,0,run-20260923-231432,2026-09-23
fastify-plain,fastify,plain,get,500,2,0,102160,1138.99,6129564,4.15,4,6,10,914,0,0,0,41.99010416984558,120,100.06966666666666,102.28,39.32483333333333,39.97,17.088511,22.298623,83.5546875,0,0,1,0,run-20260923-231432,2026-09-23
fastify-plain,fastify,plain,get,500,3,0,102789.34,1596.04,6167221,4.14,4,5,10,981,0,0,0,42.24947916984558,120,100.04566666666666,102.24,41.2685,41.97,18.415615,19.578879,84.29296875,0,0,1,0,run-20260923-231432,2026-09-23
fastify-plain,fastify,plain,get,500,4,0,104113.07,1505.79,6246661,4.14,4,6,10,707,0,0,0,42.79114583969116,120,100.03883333333333,102.31,40.100833333333334,40.73,18.284543,29.376511,83.84765625,0,0,1,0,run-20260923-231432,2026-09-23
fastify-plain,fastify,plain,get,500,5,0,102990.94,1034.67,6179498,4.14,4,5,10,1176,0,0,0,42.334375,120,100.20333333333333,102.42,39.81783333333333,40.82,18.497535,20.922367,83.625,0,0,1,0,run-20260923-231432,2026-09-23
fastify-plain,fastify,plain,post,100,1,0,51420.27,640.14,3085155,1.34,1,5,5,147,0,0,0,22.31276041984558,120,99.36566666666667,101.46,38.9435,39.41,14.581759,15.876095,84.8046875,0,0,1,0,run-20260923-231432,2026-09-23
fastify-plain,fastify,plain,post,100,2,0,51859.74,682.82,3111592,1.33,1,5,5,175,0,0,0,22.502604169845583,120,99.4005,101.48,38.0615,38.96,14.344191,16.941055,84.4296875,0,0,1,0,run-20260923-231432,2026-09-23
fastify-plain,fastify,plain,post,100,3,0,52285.87,729.89,3137060,1.33,1,5,5,127,0,0,0,22.68854166984558,120,99.45766666666667,101.61,39.524166666666666,39.94,14.376959,22.691839,84.7578125,0,0,1,0,run-20260923-231432,2026-09-23
fastify-plain,fastify,plain,post,100,4,0,52355.2,726.65,3141354,1.34,1,5,5,67,0,0,0,22.718229169845582,120,99.58866666666667,101.64,38.58883333333333,38.96,14.295039,16.924671,84.18359375,0,0,1,0,run-20260923-231432,2026-09-23
fastify-plain,fastify,plain,post,100,5,0,51803.2,600.06,3108207,1.34,1,5,5,122,0,0,0,22.47838541984558,120,99.368,101.46,37.696,38.09,14.434303,18.448383,84.55859375,0,0,1,0,run-20260923-231432,2026-09-23
fastify-plain,fastify,plain,post,10,1,0,54916.27,562.24,3294964,0.02,0,0,0,7,0,0,0,23.82916666984558,120,99.64766666666667,101.69,31.709333333333333,31.88,12.787711,14.417919,81.1484375,0,0,1,0,run-20260923-231432,2026-09-23
fastify-plain,fastify,plain,post,10,2,0,55312,653.86,3318731,0.02,0,0,0,9,0,0,0,24.00208333969116,120,99.68283333333333,101.67,32.958666666666666,33.57,12.894207,16.293887,81.08203125,0,0,1,0,run-20260923-231432,2026-09-23
fastify-plain,fastify,plain,post,10,3,0,55315.2,606.06,3318988,0.02,0,0,0,11,0,0,0,24.00390625,120,99.66616666666667,101.79,32.18633333333333,32.47,12.967935,14.237695,81.078125,0,0,1,0,run-20260923-231432,2026-09-23
fastify-plain,fastify,plain,post,10,4,0,55002.67,542.99,3300253,0.02,0,0,0,10,0,0,0,23.86744791984558,120,99.664,101.73,32.068666666666665,32.38,12.902399,19.578879,80.953125,0,0,1,0,run-20260923-231432,2026-09-23
fastify-plain,fastify,plain,post,10,5,0,54654.4,473.36,3279174,0.02,0,0,0,9,0,0,0,23.71510416984558,120,99.638,101.82,32.8035,33.24,12.787711,13.754367,81.24609375,0,0,1,0,run-20260923-231432,2026-09-23
fastify-plain,fastify,plain,post,500,1,0,49062.4,1189.9,2943780,9.78,8,15,15,525,0,0,0,21.2890625,120,99.30633333333333,101.49,49.82366666666667,50.64,16.859135,33.439743,92.1953125,0,0,1,0,run-20260923-231432,2026-09-23
fastify-plain,fastify,plain,post,500,2,0,48766.4,983.37,2925877,9.85,8,15,16,2027,0,0,0,21.1609375,120,99.19316666666667,101.37,49.597,50.12,24.707071,26.509311,91.80859375,0,0,1,0,run-20260923-231432,2026-09-23
fastify-plain,fastify,plain,post,500,3,0,46409.07,588.12,2784382,10.33,8,16,17,1633,0,0,0,20.13567708969116,120,99.3175,101.66,50.43366666666667,52.79,22.282239,26.607615,95.91015625,0,0,1,0,run-20260923-231432,2026-09-23
fastify-plain,fastify,plain,post,500,4,0,48454.4,730.5,2907252,9.88,8,15,16,2122,0,0,0,21.025,120,100.096,101.75,47.62591666666667,48.14,24.641535,25.870335,91.41796875,0,0,1,0,run-20260923-231432,2026-09-23
fastify-plain,fastify,plain,post,500,5,0,45565.87,548.73,2733878,10.51,9,16,17,1534,0,0,0,19.77109375,120,99.27316666666667,101.62,49.96633333333333,52.49,22.478847,24.018943,95.2734375,0,0,1,0,run-20260923-231432,2026-09-23
fastify-schema,fastify,schema,get,100,1,0,105003.74,1713.38,6299942,0.05,0,1,1,61,0,0,0,43.159375,120,100.67333333333333,102.98,36.661833333333334,37.55,10.731519,16.736255,81.8125,0,0,1,0,run-20260923-231432,2026-09-23
fastify-schema,fastify,schema,get,100,2,0,105620.27,737.76,6337405,0.04,0,1,1,45,0,0,0,43.4171875,120,100.36716666666666,102.6,36.455666666666666,37.12,10.567679,13.975551,81.67578125,0,0,1,0,run-20260923-231432,2026-09-23
fastify-schema,fastify,schema,get,100,3,0,105437.87,767.02,6326484,0.05,0,1,1,56,0,0,0,43.3390625,120,101.26641666666667,102.68,35.58875,36.41,10.616831,13.885439,81.57421875,0,0,1,0,run-20260923-231432,2026-09-23
fastify-schema,fastify,schema,get,100,4,0,105120,1746.67,6306963,0.07,0,1,1,71,0,0,0,43.20729166984558,120,100.33516666666667,102.5,36.249833333333335,37.49,10.739711,17.842175,81.96484375,0,0,1,0,run-20260923-231432,2026-09-23
fastify-schema,fastify,schema,get,100,5,0,106611.2,999.67,6396603,0.03,0,0,1,70,0,0,0,43.81979166984558,120,101.18541666666667,102.58,35.71958333333333,36.79,10.477567,15.155199,81.7890625,0,0,1,0,run-20260923-231432,2026-09-23
fastify-schema,fastify,schema,get,10,1,0,110867.2,592.92,6652360,0.01,0,0,0,10,0,0,0,45.57083333969116,120,101.47291666666666,102.89,25.373083333333334,25.89,10.067967,11.608063,75.140625,0,0,1,0,run-20260923-231432,2026-09-23
fastify-schema,fastify,schema,get,10,2,0,110011.74,1150.66,6600675,0.01,0,0,0,14,0,0,0,45.217708339691164,120,100.8635,103.11,25.4055,25.87,10.067967,15.892479,74.91015625,0,0,1,0,run-20260923-231432,2026-09-23
fastify-schema,fastify,schema,get,10,3,0,111097.6,283.15,6665748,0.01,0,0,0,9,0,0,0,45.6640625,120,100.75016666666667,102.92,25.996,26.32,10.076159,14.835711,75.02734375,0,0,1,0,run-20260923-231432,2026-09-23
fastify-schema,fastify,schema,get,10,4,0,110876.8,397.7,6652470,0.01,0,0,0,8,0,0,0,45.57291666984558,120,100.815,103.08,25.002666666666666,25.78,10.092543,15.515647,75.3359375,0,0,1,0,run-20260923-231432,2026-09-23
fastify-schema,fastify,schema,get,10,5,0,110872.54,570.66,6652247,0.01,0,0,0,6,0,0,0,45.56979166984558,120,100.81333333333333,103.0,26.016166666666667,26.34,10.076159,14.614527,74.9609375,0,0,1,0,run-20260923-231432,2026-09-23
fastify-schema,fastify,schema,get,500,1,0,100062.94,989.11,6003753,4.19,4,5,11,746,0,0,0,41.130208339691166,120,100.01616666666666,102.14,39.97566666666667,40.56,18.120703,23.822335,83.9765625,0,0,1,0,run-20260923-231432,2026-09-23
fastify-schema,fastify,schema,get,500,2,0,98264.54,885.05,5895796,4.39,4,7,11,1103,0,0,0,40.390625,120,100.04033333333334,102.18,39.6495,40.63,17.874943,22.806527,83.6640625,0,0,1,0,run-20260923-231432,2026-09-23
fastify-schema,fastify,schema,get,500,3,0,98992,1064.13,5939538,4.3,4,5,11,1093,0,0,0,40.68802083969116,120,100.2305,102.44,39.529,40.3,19.595263,20.299775,84.06640625,0,0,1,0,run-20260923-231432,2026-09-23
fastify-schema,fastify,schema,get,500,4,0,97854.94,1993.77,5871303,4.6,4,7,11,920,0,0,0,40.22135416984558,120,100.775,102.42,39.90375,40.81,17.743871,23.068671,83.90625,0,0,1,0,run-20260923-231432,2026-09-23
fastify-schema,fastify,schema,get,500,5,0,100392.54,1291.5,6023492,4.19,4,6,11,316,0,0,0,41.26510416984558,120,100.2525,102.62,41.2775,42.02,17.252351,22.757375,84.125,0,0,1,0,run-20260923-231432,2026-09-23
fastify-schema,fastify,schema,post,100,1,0,47780.8,728.78,2866817,1.38,1,5,5,185,0,0,0,20.73333333969116,120,99.36816666666667,101.46,41.107166666666664,41.98,14.188543,15.843327,87.296875,0,0,1,0,run-20260923-231432,2026-09-23
fastify-schema,fastify,schema,post,100,2,0,48085.34,770.45,2885115,1.38,1,5,6,163,0,0,0,20.86484375,120,99.42933333333333,101.52,38.934666666666665,39.63,14.180351,22.609919,85.05859375,0,0,1,0,run-20260923-231432,2026-09-23
fastify-schema,fastify,schema,post,100,3,0,47920.54,589.09,2875135,1.39,1,5,6,161,0,0,0,20.79296875,120,99.345,101.41,38.050666666666665,39.19,14.278655,17.956863,85.359375,0,0,1,0,run-20260923-231432,2026-09-23
fastify-schema,fastify,schema,post,100,4,0,47727.47,782.24,2863642,1.4,1,5,6,160,0,0,0,20.709375,120,99.3615,101.47,38.790166666666664,41.33,14.295039,15.654911,85.2890625,0,0,1,0,run-20260923-231432,2026-09-23
fastify-schema,fastify,schema,post,100,5,0,47317.34,670.43,2839066,1.39,1,5,6,181,0,0,0,20.5328125,120,100.103,101.44,40.52283333333333,41.43,14.344191,16.187391,85.953125,0,0,1,0,run-20260923-231432,2026-09-23
fastify-schema,fastify,schema,post,10,1,0,50821.34,664.46,3049313,0.02,0,0,0,8,0,0,0,22.05260416984558,120,99.59266666666667,101.72,32.72383333333333,33.07,12.828671,14.950399,82.44921875,0,0,1,0,run-20260923-231432,2026-09-23
fastify-schema,fastify,schema,post,10,2,0,50995.2,651.18,3059660,0.02,0,0,0,13,0,0,0,22.12708333969116,120,99.61166666666666,101.67,33.808,34.19,12.738559,20.676607,82.98046875,0,0,1,0,run-20260923-231432,2026-09-23
fastify-schema,fastify,schema,post,10,3,0,51281.6,599.74,3076916,0.02,0,0,0,9,0,0,0,22.253125,120,99.584,101.7,33.28816666666667,33.81,12.460031,15.769599,82.6875,0,0,1,0,run-20260923-231432,2026-09-23
fastify-schema,fastify,schema,post,10,4,0,50187.74,1498.8,3011122,0.02,0,0,0,10,0,0,0,21.776041669845583,120,99.653,101.86,33.66383333333333,34.13,12.910591,16.105471,82.6171875,0,0,1,0,run-20260923-231432,2026-09-23
fastify-schema,fastify,schema,post,10,5,0,50442.14,604.08,3026522,0.02,0,0,0,10,0,0,0,21.888020839691162,120,99.6315,101.75,32.55733333333333,32.86,13.049855,16.392191,82.375,0,0,1,0,run-20260923-231432,2026-09-23
fastify-schema,fastify,schema,post,500,1,0,44096.54,565.58,2645649,10.77,9,17,17,2421,0,0,0,19.13359375,120,99.2445,101.43,50.79533333333333,51.64,23.101439,24.526847,93.5390625,0,0,1,0,run-20260923-231432,2026-09-23
fastify-schema,fastify,schema,post,500,2,0,44897.6,874.44,2693744,10.55,9,17,17,2191,0,0,0,19.480989589691163,120,99.29016666666666,101.43,53.06483333333333,53.93,21.708799,27.410431,96.36328125,0,0,1,0,run-20260923-231432,2026-09-23
fastify-schema,fastify,schema,post,500,3,0,44505.6,810.12,2670302,10.67,9,17,17,1917,0,0,0,19.311979169845582,120,99.30333333333333,101.45,53.404,54.19,27.590655,28.573695,95.984375,0,0,1,0,run-20260923-231432,2026-09-23
fastify-schema,fastify,schema,post,500,4,0,43943.47,477.36,2636586,10.82,9,17,18,2005,0,0,0,19.067708339691162,120,99.25516666666667,101.35,52.04633333333333,52.59,23.216127,36.503551,94.73046875,0,0,1,0,run-20260923-231432,2026-09-23
fastify-schema,fastify,schema,post,500,5,0,45106.67,827.75,2706403,10.51,9,17,17,1838,0,0,0,19.572916669845583,120,100.00666666666666,101.35,49.7345,50.18,25.870335,31.260671,93.77734375,0,0,1,0,run-20260923-231432,2026-09-23
express-plain,express,plain,get,100,1,0,13958.14,485.94,837488,6.64,6,11,11,233,0,0,0,164.4125,120,98.61966666666666,100.62,36.05083333333333,37.1,17.694719,19.185663,81.78125,0,0,50,0,run-20260924-023922,2026-09-24
express-plain,express,plain,get,100,2,0,14814.4,201.73,888867,6.41,6,10,10,385,0,0,0,174.49375,120,98.56883333333333,100.55,35.708,36.54,18.202623,19.595263,81.27734375,0,0,50,0,run-20260924-023922,2026-09-24
express-plain,express,plain,get,100,3,0,14780.27,176.87,886796,6.42,6,10,10,367,0,0,0,174.08541666984559,120,98.5625,100.57,36.3915,37.15,18.366463,19.136511,81.53125,0,0,50,0,run-20260924-023922,2026-09-24
express-plain,express,plain,get,100,4,0,14902.94,173.06,894129,6.33,6,10,10,233,0,0,0,175.52708333969116,120,98.56416666666667,100.56,36.5175,37.29,18.120703,21.413887,81.46875,0,0,50,0,run-20260924-023922,2026-09-24
express-plain,express,plain,get,100,5,0,14675.74,198.84,880523,6.5,6,10,10,213,0,0,0,172.85833333969117,120,98.5495,100.6,35.44916666666667,36.16,18.137087,19.038207,81.15625,0,0,50,0,run-20260924-023922,2026-09-24
express-plain,express,plain,get,10,1,0,14805.47,266.84,888273,0.05,0,1,2,6,0,0,0,174.38333333969115,120,98.52583333333334,100.5,30.414666666666665,32.52,12.541951,13.852671,77.2578125,0,0,50,0,run-20260924-023922,2026-09-24
express-plain,express,plain,get,10,2,0,14795.87,246.21,887743,0.05,0,1,2,6,0,0,0,174.27083333969117,120,98.55533333333334,100.58,30.335166666666666,31.92,12.484607,13.705215,77.42578125,0,0,50,0,run-20260924-023922,2026-09-24
express-plain,express,plain,get,10,3,0,14657.87,226.55,879431,0.06,0,1,3,7,0,0,0,172.64583333969117,120,98.53716666666666,100.53,29.154333333333334,29.78,12.615679,14.180351,77.421875,0,0,50,0,run-20260924-023922,2026-09-24
express-plain,express,plain,get,10,4,0,14832.54,256.05,889923,0.06,0,1,2,9,0,0,0,174.70625,120,99.32216666666666,100.6,30.50358333333333,31.25,12.533759,14.983167,77.5078125,0,0,50,0,run-20260924-023922,2026-09-24
express-plain,express,plain,get,10,5,0,14402.4,518.55,864104,0.06,0,1,3,9,0,0,0,169.63541666984557,120,98.54616666666666,100.6,30.4765,30.99,12.582911,14.614527,77.1953125,0,0,50,0,run-20260924-023922,2026-09-24
express-plain,express,plain,get,500,1,0,13879.2,149.24,832733,35.52,35,41,41,6372,0,0,0,163.47916666984557,120,99.32666666666667,100.59,51.43566666666667,52.13,38.633471,39.682047,93.7734375,0,0,50,0,run-20260924-023922,2026-09-24
express-plain,express,plain,get,500,2,0,13529.2,166.86,811724,36.45,37,43,43,4976,0,0,0,159.35416666984557,120,98.54633333333334,100.65,51.5,52.54,43.155455,48.562175,93.7109375,0,0,50,0,run-20260924-023922,2026-09-24
express-plain,express,plain,get,500,3,0,12977.2,441.25,778590,38.05,38,46,47,7376,0,0,0,152.84791666984557,120,98.62516666666667,100.66,50.65383333333333,51.79,50.167807,50.561023,92.88671875,0,0,50,0,run-20260924-023922,2026-09-24
express-plain,express,plain,get,500,4,0,13622.54,152.5,817308,36.21,36,41,42,6527,0,0,0,160.45208333969117,120,98.58333333333333,100.62,50.904833333333336,51.91,40.271871,43.352063,93.30859375,0,0,50,0,run-20260924-023922,2026-09-24
express-plain,express,plain,get,500,5,0,13767.2,223.19,826013,35.82,35,41,41,6813,0,0,0,162.15208333969116,120,98.52333333333333,100.6,48.49633333333333,49.25,39.911423,41.648127,90.83984375,0,0,50,0,run-20260924-023922,2026-09-24
express-plain,express,plain,post,100,1,0,17342.34,296.86,1040530,5.08,4,9,9,301,0,0,0,8.616634120941162,120,98.61733333333333,100.71,38.769,39.47,17.416191,28.622847,85.25,0,0,50,0,run-20260924-023922,2026-09-24
express-plain,express,plain,post,100,2,0,17407.27,317.17,1044422,5.05,4,9,9,231,0,0,0,8.64853515625,120,98.614,100.63,36.8805,38.19,17.285119,24.690687,83.5859375,0,0,50,0,run-20260924-023922,2026-09-24
express-plain,express,plain,post,100,3,0,17489.41,276.4,1049386,5.03,4,9,9,304,0,0,0,8.690592451095581,120,98.62116666666667,100.6,38.342,39.1,17.235967,21.823487,84.359375,0,0,50,0,run-20260924-023922,2026-09-24
express-plain,express,plain,post,100,4,0,17030.87,292.56,1021849,5.18,4,9,9,193,0,0,0,8.462662763595581,120,98.61433333333333,100.6,44.464,45.23,18.677759,24.887295,90.75,0,0,50,0,run-20260924-023922,2026-09-24
express-plain,express,plain,post,100,5,0,17329.41,333.96,1039691,5.08,4,9,9,320,0,0,0,8.609993495941161,120,98.60833333333333,100.62,39.8215,40.38,17.301503,23.117823,85.0234375,0,0,50,0,run-20260924-023922,2026-09-24
express-plain,express,plain,post,10,1,0,18496.74,426.73,1109759,0.05,0,1,2,13,0,0,0,9.190364589691162,120,98.70633333333333,100.72,31.031333333333333,32.23,12.673023,16.760831,79.390625,0,0,50,0,run-20260924-023922,2026-09-24
express-plain,express,plain,post,10,2,0,18263.67,497.63,1095827,0.05,0,1,2,11,0,0,0,9.074902353286744,120,98.65716666666667,100.69,31.281333333333333,31.67,12.525567,15.466495,79.33984375,0,0,50,0,run-20260924-023922,2026-09-24
express-plain,express,plain,post,10,3,0,18139.2,355.82,1088309,0.06,0,1,3,15,0,0,0,9.013020839691162,120,98.63383333333333,100.68,31.568333333333335,31.88,12.632063,16.662527,79.39453125,0,0,50,0,run-20260924-023922,2026-09-24
express-plain,express,plain,post,10,4,0,18231,421.52,1093846,0.06,0,1,2,11,0,0,0,9.05791015625,120,99.43383333333334,100.71,30.62,31.16,12.632063,16.613375,79.4296875,0,0,50,0,run-20260924-023922,2026-09-24
express-plain,express,plain,post,10,5,0,18217.34,387.56,1093018,0.06,0,1,3,9,0,0,0,9.051302089691163,120,98.66483333333333,100.67,30.323999999999998,30.63,12.574719,16.515071,79.36328125,0,0,50,0,run-20260924-023922,2026-09-24
express-plain,express,plain,post,500,1,0,15862.67,229.87,951734,31.03,31,38,39,5202,0,0,0,7.88134765625,120,98.587,100.63,55.70433333333333,56.55,39.813119,50.233343,98.5859375,0,0,50,0,run-20260924-023922,2026-09-24
express-plain,express,plain,post,500,2,0,16007.4,235.62,960401,30.73,30,37,37,5228,0,0,0,7.953092451095581,120,98.5565,100.6,54.0845,54.64,37.552127,44.236799,95.453125,0,0,50,0,run-20260924-023922,2026-09-24
express-plain,express,plain,post,500,3,0,16180.8,198.19,970825,30.43,30,36,37,6783,0,0,0,8.0396484375,120,98.6105,100.65,57.1885,57.69,34.078719,37.093375,98.61328125,0,0,50,0,run-20260924-023922,2026-09-24
express-plain,express,plain,post,500,4,0,16173.47,436.39,970341,30.44,30,36,36,7534,0,0,0,8.035546875,120,98.61083333333333,100.64,56.31966666666667,56.88,34.701311,37.650431,97.7578125,0,0,50,0,run-20260924-023922,2026-09-24
express-plain,express,plain,post,500,5,0,16218.6,296.02,973060,30.35,30,36,37,4113,0,0,0,8.05751953125,120,98.57183333333333,100.61,55.14183333333333,55.58,32.276479,38.862847,97.4765625,0,0,50,0,run-20260924-023922,2026-09-24
express-zod,express,zod,get,100,1,0,14704.94,159.06,882241,6.47,6,10,10,326,0,0,0,173.2,120,98.551,100.63,36.42966666666667,37.17,16.547839,20.004863,82.38671875,0,0,50,0,run-20260924-023922,2026-09-24
express-zod,express,zod,get,100,2,0,14718.54,180.36,883079,6.48,6,10,10,22,0,0,0,173.3625,120,98.535,100.57,36.4695,37.26,18.350079,21.577727,81.99609375,0,0,50,0,run-20260924-023922,2026-09-24
express-zod,express,zod,get,100,3,0,14673.34,198.53,880361,6.49,6,10,10,134,0,0,0,172.82708333969117,120,98.55133333333333,100.56,36.986666666666665,37.77,18.530303,25.083903,82.23046875,0,0,50,0,run-20260924-023922,2026-09-24
express-zod,express,zod,get,100,4,0,14660.94,185,879625,6.49,6,10,10,378,0,0,0,172.68125,120,98.5605,100.53,36.52883333333333,37.23,18.595839,20.873215,82.43359375,0,0,50,0,run-20260924-023922,2026-09-24
express-zod,express,zod,get,100,5,0,14786.94,294.41,887195,6.34,6,10,11,247,0,0,0,174.17083333969117,120,98.54916666666666,100.59,36.698166666666665,37.81,18.251775,19.841023,81.99609375,0,0,50,0,run-20260924-023922,2026-09-24
express-zod,express,zod,get,10,1,0,14853.6,254.68,891207,0.06,0,0,3,11,0,0,0,174.96041666984559,120,98.5545,100.53,30.846166666666665,32.19,12.582911,18.841599,78.078125,0,0,50,0,run-20260924-023922,2026-09-24
express-zod,express,zod,get,10,2,0,14672.94,247.51,880353,0.06,0,1,3,9,0,0,0,172.82291666984557,120,98.52616666666667,100.56,31.000166666666665,31.65,12.599295,13.869055,78.03515625,0,0,50,0,run-20260924-023922,2026-09-24
express-zod,express,zod,get,10,3,0,14757.74,231.33,885450,0.06,0,0,3,7,0,0,0,173.825,120,98.55166666666666,100.57,30.650833333333335,31.19,12.607487,16.048127,78.39453125,0,0,50,0,run-20260924-023922,2026-09-24
express-zod,express,zod,get,10,4,0,14156.54,496.1,849361,0.06,0,1,3,7,0,0,0,166.74791666984558,120,98.60916666666667,100.64,31.3425,31.96,12.730367,15.409151,77.75390625,0,0,50,0,run-20260924-023922,2026-09-24
express-zod,express,zod,get,10,5,0,14790.54,261.55,887397,0.06,0,0,3,9,0,0,0,174.20833333969117,120,99.28791666666666,100.54,30.747833333333332,31.48,12.689407,14.123007,78,0,0,50,0,run-20260924-023922,2026-09-24
express-zod,express,zod,get,500,1,0,13877.34,198.39,832592,35.53,35,41,41,7136,0,0,0,163.45,120,98.53666666666666,100.61,51.6085,52.27,39.321599,41.222143,93.98046875,0,0,50,0,run-20260924-023922,2026-09-24
express-zod,express,zod,get,500,2,0,13606.94,322.47,816377,36.26,36,42,46,6479,0,0,0,160.26458333969117,120,98.58783333333334,100.65,51.9735,52.81,44.597247,45.940735,94.08203125,0,0,50,0,run-20260924-023922,2026-09-24
express-zod,express,zod,get,500,3,0,13416,282.75,804921,36.75,36,42,42,5758,0,0,0,158.01458333969117,120,98.58116666666666,100.59,51.84133333333333,53.3,40.992767,52.887551,94.09375,0,0,50,0,run-20260924-023922,2026-09-24
express-zod,express,zod,get,500,4,0,13627.74,168.9,817625,36.2,36,42,42,5935,0,0,0,160.5125,120,98.578,100.63,51.315666666666665,52.22,42.303487,45.055999,94.0234375,0,0,50,0,run-20260924-023922,2026-09-24
express-zod,express,zod,get,500,5,0,13608.4,171.35,816488,36.24,36,42,42,6814,0,0,0,160.28958333969115,120,98.60916666666667,100.64,50.53666666666667,51.31,38.961151,41.123839,93.19921875,0,0,50,0,run-20260924-023922,2026-09-24
express-zod,express,zod,post,100,1,0,16082.4,272.25,964935,5.91,5,10,11,217,0,0,0,7.9904296875,120,98.58016666666667,100.61,38.41833333333334,39.22,18.055167,23.576575,83.52734375,0,0,50,0,run-20260924-023922,2026-09-24
express-zod,express,zod,post,100,2,0,16186.4,278,971151,5.88,5,10,11,320,0,0,0,8.042024745941163,120,98.59266666666667,100.58,37.08083333333333,37.58,15.818751,27.197439,83.34765625,0,0,50,0,run-20260924-023922,2026-09-24
express-zod,express,zod,post,100,3,0,16037.74,557.46,962274,5.95,5,10,11,231,0,0,0,7.96806640625,120,98.60366666666667,100.61,37.13283333333333,37.46,17.334271,21.102591,82.86328125,0,0,50,0,run-20260924-023922,2026-09-24
express-zod,express,zod,post,100,4,0,16142.8,317.37,968542,5.88,5,10,10,211,0,0,0,8.020638027191161,120,98.6005,100.66,38.924,39.96,17.924095,23.609343,83.9921875,0,0,50,0,run-20260924-023922,2026-09-24
express-zod,express,zod,post,100,5,0,16110.8,279.71,966642,5.9,5,10,10,297,0,0,0,8.005045576095581,120,98.592,100.58,37.791666666666664,39.6,18.087935,23.560191,84.46484375,0,0,50,0,run-20260924-023922,2026-09-24
express-zod,express,zod,post,10,1,0,16732.2,331.22,1003939,0.06,0,1,3,8,0,0,0,8.313671884536744,120,99.37858333333334,100.57,31.547583333333332,31.99,12.861439,15.474687,80.08984375,0,0,50,0,run-20260924-023922,2026-09-24
express-zod,express,zod,post,10,2,0,16796.6,434.78,1007764,0.06,0,1,3,8,0,0,0,8.3453125,120,98.61,100.65,31.11916666666667,31.66,12.795903,14.606335,79.87109375,0,0,50,0,run-20260924-023922,2026-09-24
express-zod,express,zod,post,10,3,0,16991.94,347.35,1019531,0.06,0,1,3,14,0,0,0,8.44287109375,120,98.63733333333333,100.66,31.176166666666667,31.97,12.746751,16.195583,80.2265625,0,0,50,0,run-20260924-023922,2026-09-24
express-zod,express,zod,post,10,4,0,16855.87,413.68,1011269,0.06,0,1,3,14,0,0,0,8.3748046875,120,98.63466666666666,100.69,31.713333333333335,32.8,12.754943,23.085055,80.54296875,0,0,50,0,run-20260924-023922,2026-09-24
express-zod,express,zod,post,10,5,0,16638,364.42,998285,0.06,0,1,3,9,0,0,0,8.26705729484558,120,98.61816666666667,100.61,31.750833333333333,32.04,12.902399,17.006591,79.55859375,0,0,50,0,run-20260924-023922,2026-09-24
express-zod,express,zod,post,500,1,0,14816.67,290.02,888946,33.27,33,40,40,5211,0,0,0,7.361328125,120,98.58816666666667,100.67,53.80733333333333,54.34,36.634623,41.713663,95.18359375,0,0,50,0,run-20260924-023922,2026-09-24
express-zod,express,zod,post,500,2,0,14659.07,181.58,879499,33.61,33,41,41,2553,0,0,0,7.283138027191162,120,98.60116666666667,100.63,53.83433333333333,54.48,35.422207,58.228735,96.50390625,0,0,50,0,run-20260924-023922,2026-09-24
express-zod,express,zod,post,500,3,0,14753.6,268.29,885215,33.42,33,40,41,6427,0,0,0,7.33046875,120,98.57483333333333,100.62,54.4045,54.95,38.469631,46.202879,95.83984375,0,0,50,0,run-20260924-023922,2026-09-24
express-zod,express,zod,post,500,4,0,14526.14,234.29,871541,33.9,33,41,41,5650,0,0,0,7.217447919845581,120,98.61433333333333,100.59,54.284333333333336,54.76,38.830079,50.561023,95.796875,0,0,50,0,run-20260924-023922,2026-09-24
express-zod,express,zod,post,500,5,0,14464.54,297.33,867872,34.06,34,41,41,5173,0,0,0,7.186979169845581,120,98.62183333333333,100.68,53.758,54.23,37.355519,41.943039,95.8828125,0,0,50,0,run-20260924-023922,2026-09-24
fastify-plain,fastify,plain,get,100,1,0,34847.47,639.75,2090786,2.04,2,2,3,147,0,0,0,408.2125,120,99.031,101.12,34.14933333333333,34.99,12.050431,16.080895,80.78125,0,0,50,0,run-20260924-023922,2026-09-24
fastify-plain,fastify,plain,get,100,2,0,35985.6,539.32,2159034,2.05,2,2,5,15,0,0,0,421.54583333969117,120,98.98416666666667,101.03,34.49466666666667,35.31,11.935743,17.596415,80.84375,0,0,50,0,run-20260924-023922,2026-09-24
fastify-plain,fastify,plain,get,100,3,0,35938.81,656.04,2156228,2.05,2,2,5,14,0,0,0,421.0041666698456,120,98.9605,101.14,34.2095,34.97,11.870207,20.463615,80.73046875,0,0,50,0,run-20260924-023922,2026-09-24
fastify-plain,fastify,plain,get,100,4,0,34973.47,668.71,2098374,2.07,2,3,4,183,0,0,0,409.6916666698456,120,99.71041666666666,101.09,33.95433333333333,34.64,12.165119,19.791871,80.51953125,0,0,50,0,run-20260924-023922,2026-09-24
fastify-plain,fastify,plain,get,100,5,0,34939.07,950.27,2096252,2.06,2,3,4,171,0,0,0,409.2791666698456,120,99.026,101.05,34.2375,35.22,12.189695,16.441343,80.7109375,0,0,50,0,run-20260924-023922,2026-09-24
fastify-plain,fastify,plain,get,10,1,0,36880.54,576.61,2212756,0.01,0,0,0,9,0,0,0,432.0375,120,99.09883333333333,101.08,25.705333333333332,26.44,10.182655,15.884287,72.92578125,0,0,50,0,run-20260924-023922,2026-09-24
fastify-plain,fastify,plain,get,10,2,0,36917.34,542.82,2215144,0.01,0,0,0,8,0,0,0,432.5041666698456,120,99.05366666666667,101.13,25.356333333333332,26.29,10.182655,14.073855,72.94140625,0,0,50,0,run-20260924-023922,2026-09-24
fastify-plain,fastify,plain,get,10,3,0,36585.6,729.29,2195224,0.01,0,0,0,9,0,0,0,428.6166666698456,120,99.0705,101.16,25.513666666666666,26.7,10.199039,12.156927,72.9296875,0,0,50,0,run-20260924-023922,2026-09-24
fastify-plain,fastify,plain,get,10,4,0,36058.4,1522.05,2163515,0.01,0,0,0,9,0,0,0,422.4083333396912,120,99.0925,101.19,25.201833333333333,26.1,10.182655,13.795327,72.78125,0,0,50,0,run-20260924-023922,2026-09-24
fastify-plain,fastify,plain,get,10,5,0,37089.07,561.1,2225227,0.01,0,0,0,9,0,0,0,434.475,120,99.11216666666667,101.13,25.484166666666667,26.22,10.182655,13.082623,73.015625,0,0,50,0,run-20260924-023922,2026-09-24
fastify-plain,fastify,plain,get,500,1,0,33804.67,351.27,2028346,14.17,14,16,21,3269,0,0,0,396.0333333396912,120,99.07366666666667,101.14,39.514,40.62,21.053439,27.574271,83.01171875,0,0,50,0,run-20260924-023922,2026-09-24
fastify-plain,fastify,plain,get,500,2,0,34541.2,722.44,2072326,13.98,14,15,20,2657,0,0,0,404.6041666698456,120,98.98883333333333,101.11,39.257333333333335,40.36,22.527999,31.178751,82.83203125,0,0,50,0,run-20260924-023922,2026-09-24
fastify-plain,fastify,plain,get,500,3,0,34659.07,651.73,2079431,13.89,14,15,20,3121,0,0,0,406.0125,120,99.73558333333334,101.04,39.51075,40.86,21.725183,23.445503,82.89453125,0,0,50,0,run-20260924-023922,2026-09-24
fastify-plain,fastify,plain,get,500,4,0,33927.87,999.88,2035629,14.39,14,16,20,2505,0,0,0,397.44583333969115,120,98.95883333333333,101.01,39.237,40.05,20.824063,22.872063,82.86328125,0,0,50,0,run-20260924-023922,2026-09-24
fastify-plain,fastify,plain,get,500,5,0,34731.07,528.06,2083823,13.87,14,15,20,3083,0,0,0,406.87083333969116,120,99.018,101.11,39.375166666666665,40.27,22.183935,22.953983,82.765625,0,0,50,0,run-20260924-023922,2026-09-24
fastify-plain,fastify,plain,post,100,1,0,52876.27,734.89,3172565,1.32,1,5,5,59,0,0,0,22.94296875,120,99.53816666666667,101.71,38.5155,39.68,14.106623,25.313279,84.453125,0,0,50,0,run-20260924-023922,2026-09-24
fastify-plain,fastify,plain,post,100,2,0,51431.47,654.03,3085792,1.33,1,5,5,152,0,0,0,22.317708339691162,120,99.3885,101.5,37.926,38.97,14.434303,19.103743,84.46484375,0,0,50,0,run-20260924-023922,2026-09-24
fastify-plain,fastify,plain,post,100,3,0,51852.8,645.23,3111125,1.33,1,5,5,89,0,0,0,22.499479169845582,120,99.4405,101.7,40.032666666666664,40.91,14.376959,14.704639,85.1171875,0,0,50,0,run-20260924-023922,2026-09-24
fastify-plain,fastify,plain,post,100,4,0,52569.6,729.07,3154185,1.33,1,5,5,87,0,0,0,22.81276041984558,120,100.23508333333334,101.73,37.60691666666666,39.08,14.114815,19.972095,84.49609375,0,0,50,0,run-20260924-023922,2026-09-24
fastify-plain,fastify,plain,post,100,5,0,51543.47,596.25,3092545,1.34,1,5,5,86,0,0,0,22.364583339691162,120,99.39733333333334,101.55,38.38366666666667,39.09,14.499839,16.031743,84.98046875,0,0,50,0,run-20260924-023922,2026-09-24
fastify-plain,fastify,plain,post,10,1,0,54755.2,527.83,3285303,0.02,0,0,0,8,0,0,0,23.75885416984558,120,99.63716666666667,101.68,32.226166666666664,32.75,12.951551,14.180351,81.234375,0,0,50,0,run-20260924-023922,2026-09-24
fastify-plain,fastify,plain,post,10,2,0,54086.94,1120.65,3245130,0.02,0,0,0,16,0,0,0,23.46770833969116,120,99.65716666666667,101.78,32.57333333333333,32.89,12.771327,17.809407,81.4921875,0,0,50,0,run-20260924-023922,2026-09-24
fastify-plain,fastify,plain,post,10,3,0,55040.54,580.86,3302340,0.02,0,0,0,8,0,0,0,23.88307291984558,120,99.65083333333334,101.74,32.5115,33.42,12.984319,15.310847,81.6875,0,0,50,0,run-20260924-023922,2026-09-24
fastify-plain,fastify,plain,post,10,4,0,55114.14,557.1,3306871,0.02,0,0,0,9,0,0,0,23.915364589691162,120,99.639,101.69,31.701,32.13,12.894207,18.497535,80.8671875,0,0,50,0,run-20260924-023922,2026-09-24
fastify-plain,fastify,plain,post,10,5,0,55037.34,627.46,3302280,0.02,0,0,0,11,0,0,0,23.88203125,120,99.67283333333333,101.73,31.599166666666665,31.97,12.910591,15.802367,81.37109375,0,0,50,0,run-20260924-023922,2026-09-24
fastify-plain,fastify,plain,post,500,1,0,47153.07,480.36,2829178,10.17,8,16,16,1971,0,0,0,20.4609375,120,99.35066666666667,101.73,51.47716666666667,52.3,21.692415,23.363583,95.4765625,0,0,50,0,run-20260924-023922,2026-09-24
fastify-plain,fastify,plain,post,500,2,0,48717.87,840.9,2923066,9.85,8,15,15,1535,0,0,0,21.13958333969116,120,99.28233333333334,101.41,47.758,48.53,24.297471,26.411007,91.2265625,0,0,50,0,run-20260924-023922,2026-09-24
fastify-plain,fastify,plain,post,500,3,0,48207.47,1542.45,2892339,9.94,8,16,16,1845,0,0,0,20.918489589691163,120,99.3265,101.52,51.52016666666667,52.04,25.690111,29.999103,95.39453125,0,0,50,0,run-20260924-023922,2026-09-24
fastify-plain,fastify,plain,post,500,4,0,46362.67,1051.37,2781760,10.33,8,16,17,2646,0,0,0,20.116927089691163,120,99.34,101.59,49.39683333333333,50.9,22.708223,24.166399,93.69140625,0,0,50,0,run-20260924-023922,2026-09-24
fastify-plain,fastify,plain,post,500,5,0,49142.4,1020.11,2948490,9.77,8,15,15,2040,0,0,0,21.32265625,120,99.25333333333333,101.5,48.147666666666666,48.66,24.494079,26.198015,90.95703125,0,0,50,0,run-20260924-023922,2026-09-24
fastify-schema,fastify,schema,get,100,1,0,21704.27,400.86,1302234,4.07,4,4,8,232,0,0,0,254.265625,120,98.69016666666667,100.72,34.81216666666667,35.69,14.327807,20.447231,81.4140625,0,0,50,0,run-20260924-023922,2026-09-24
fastify-schema,fastify,schema,get,100,2,0,21585.07,343.64,1295055,4.08,4,4,9,163,0,0,0,252.85208333969115,120,98.665,100.68,35.31466666666667,37.01,14.393343,23.068671,81.62109375,0,0,50,0,run-20260924-023922,2026-09-24
fastify-schema,fastify,schema,get,100,3,0,21616.54,244.05,1296970,4.08,4,4,9,44,0,0,0,253.23125,120,98.71216666666666,100.7,35.174,35.95,14.417919,25.395199,81.68359375,0,0,50,0,run-20260924-023922,2026-09-24
fastify-schema,fastify,schema,get,100,4,0,21425.87,742.78,1285588,4.13,4,5,9,220,0,0,0,251.00416666984557,120,98.6895,100.73,34.631166666666665,35.32,14.368767,20.840447,81.32421875,0,0,50,0,run-20260924-023922,2026-09-24
fastify-schema,fastify,schema,get,100,5,0,21704.54,368.55,1302215,4.08,4,4,9,301,0,0,0,254.253125,120,98.68883333333333,100.68,35.286833333333334,36.03,14.360575,20.643839,81.6328125,0,0,50,0,run-20260924-023922,2026-09-24
fastify-schema,fastify,schema,get,10,1,0,22215.47,416.08,1332901,0.01,0,0,0,12,0,0,0,260.2416666698456,120,98.75683333333333,100.8,32.88816666666666,34.27,10.289151,15.073279,81.546875,0,0,50,0,run-20260924-023922,2026-09-24
fastify-schema,fastify,schema,get,10,2,0,21877.34,553.22,1312545,0.01,0,0,0,13,0,0,0,256.28645833969114,120,99.54058333333333,100.79,33.49175,34.91,10.305535,12.509183,81.76171875,0,0,50,0,run-20260924-023922,2026-09-24
fastify-schema,fastify,schema,get,10,3,0,22210.94,313.51,1332621,0.01,0,0,0,9,0,0,0,260.2052083396912,120,98.73283333333333,100.73,33.66883333333333,35.04,10.272767,13.344767,81.8671875,0,0,50,0,run-20260924-023922,2026-09-24
fastify-schema,fastify,schema,get,10,4,0,22342.67,243.54,1340509,0.01,0,0,0,9,0,0,0,261.7260416698456,120,98.74766666666666,100.78,33.56483333333333,34.87,10.313727,11.452415,81.42578125,0,0,50,0,run-20260924-023922,2026-09-24
fastify-schema,fastify,schema,get,10,5,0,22157.34,260.61,1329376,0.01,0,0,0,8,0,0,0,259.56145833969117,120,98.75133333333333,100.74,32.75516666666667,34.4,10.272767,14.303231,81.65234375,0,0,50,0,run-20260924-023922,2026-09-24
fastify-schema,fastify,schema,get,500,1,0,21512.8,354.74,1290739,22.74,22,24,30,4272,0,0,0,252.01875,120,98.66816666666666,100.67,40.64333333333333,41.45,33.751039,35.061759,84.0703125,0,0,50,0,run-20260924-023922,2026-09-24
fastify-schema,fastify,schema,get,500,2,0,20874.67,439.16,1252451,23.47,23,25,31,3957,0,0,0,244.53958333969115,120,98.62933333333334,100.61,40.35816666666667,41.52,34.439167,36.012031,83.97265625,0,0,50,0,run-20260924-023922,2026-09-24
fastify-schema,fastify,schema,get,500,3,0,21471.74,353.97,1288271,22.86,23,26,30,3920,0,0,0,251.53125,120,98.65533333333333,100.69,40.18516666666667,40.87,34.177023,34.766847,83.91015625,0,0,50,0,run-20260924-023922,2026-09-24
fastify-schema,fastify,schema,get,500,4,0,21311.2,670.72,1278649,23.13,23,25,31,3715,0,0,0,249.64895833969115,120,99.43775,100.76,40.48866666666667,41.24,34.537471,35.291135,83.8515625,0,0,50,0,run-20260924-023922,2026-09-24
fastify-schema,fastify,schema,get,500,5,0,21246.94,344.16,1274831,23.21,23,24,30,4575,0,0,0,248.90833333969115,120,98.65166666666667,100.73,40.17466666666667,40.95,33.062911,34.996223,83.76171875,0,0,50,0,run-20260924-023922,2026-09-24
fastify-schema,fastify,schema,post,100,1,0,48111.47,695.28,2886533,1.39,1,5,6,169,0,0,0,20.874739589691163,120,99.40483333333333,101.55,38.55866666666667,39.19,14.180351,15.884287,85.640625,0,0,50,0,run-20260924-023922,2026-09-24
fastify-schema,fastify,schema,post,100,2,0,46980.27,1355.79,2818867,1.42,1,5,6,64,0,0,0,20.386197919845582,120,99.5145,101.68,39.3725,39.95,14.737407,19.152895,85.32421875,0,0,50,0,run-20260924-023922,2026-09-24
fastify-schema,fastify,schema,post,100,3,0,46681.07,670.41,2800769,1.42,1,5,6,107,0,0,0,20.255208339691162,120,100.12175,106.22,39.87708333333333,40.82,14.589951,16.531455,85.42578125,0,0,50,0,run-20260924-023922,2026-09-24
fastify-schema,fastify,schema,post,100,4,0,46837.34,793.84,2810241,1.43,1,5,6,97,0,0,0,20.323958339691163,120,99.37966666666667,101.46,38.73016666666667,39.68,14.721023,15.876095,85.4375,0,0,50,0,run-20260924-023922,2026-09-24
fastify-schema,fastify,schema,post,100,5,0,47770.14,723.03,2866316,1.39,1,5,6,81,0,0,0,20.729947919845582,120,99.43883333333333,101.56,37.528,38.58,14.286847,15.351807,85.82421875,0,0,50,0,run-20260924-023922,2026-09-24
fastify-schema,fastify,schema,post,10,1,0,51285.87,681.32,3077162,0.02,0,0,0,8,0,0,0,22.254427089691163,120,99.63283333333334,101.74,33.652,34.5,12.402687,14.737407,82.50390625,0,0,50,0,run-20260924-023922,2026-09-24
fastify-schema,fastify,schema,post,10,2,0,51317.34,761.09,3079135,0.02,0,0,0,12,0,0,0,22.268229169845583,120,99.5895,101.62,32.05433333333333,32.64,12.476415,20.332543,82.546875,0,0,50,0,run-20260924-023922,2026-09-24
fastify-schema,fastify,schema,post,10,3,0,50945.07,695.9,3056791,0.02,0,0,0,9,0,0,0,22.105989589691163,120,99.65283333333333,101.74,34.464,34.72,12.779519,14.237695,82.9921875,0,0,50,0,run-20260924-023922,2026-09-24
fastify-schema,fastify,schema,post,10,4,0,50765.87,685.48,3045872,0.02,0,0,0,7,0,0,0,22.027864589691163,120,99.59183333333334,101.64,33.022,34.14,12.951551,14.721023,82.4921875,0,0,50,0,run-20260924-023922,2026-09-24
fastify-schema,fastify,schema,post,10,5,0,50596.8,687.39,3035653,0.02,0,0,0,13,0,0,0,21.95338541984558,120,99.57966666666667,101.63,32.99316666666667,33.37,12.959743,18.202623,83.03515625,0,0,50,0,run-20260924-023922,2026-09-24
fastify-schema,fastify,schema,post,500,1,0,43255.47,615.8,2595335,11.03,9,18,18,1783,0,0,0,18.76848958969116,120,99.16483333333333,101.31,51.89533333333333,52.86,23.904255,31.588351,95.12890625,0,0,50,0,run-20260924-023922,2026-09-24
fastify-schema,fastify,schema,post,500,2,0,44802.14,912.73,2688118,10.59,9,17,17,2128,0,0,0,19.44140625,120,99.219,101.3,53.052166666666665,53.59,21.839871,27.623423,95.8203125,0,0,50,0,run-20260924-023922,2026-09-24
fastify-schema,fastify,schema,post,500,3,0,43674.67,677.41,2620533,10.87,9,17,18,2176,0,0,0,18.951562509536743,120,99.24016666666667,101.4,51.760666666666665,52.6,23.478271,31.571967,94.51953125,0,0,50,0,run-20260924-023922,2026-09-24
fastify-schema,fastify,schema,post,500,4,0,43531.74,654.1,2611692,10.91,9,17,18,2239,0,0,0,18.88671875,120,99.23633333333333,101.36,54.013333333333335,54.62,23.379967,28.344319,96.57421875,0,0,50,0,run-20260924-023922,2026-09-24
fastify-schema,fastify,schema,post,500,5,0,45682.14,767.29,2740872,10.36,9,16,16,2452,0,0,0,19.82213541984558,120,99.2735,101.43,52.62883333333333,53.61,21.807103,29.016063,96.22265625,0,0,50,0,run-20260924-023922,2026-09-24
express-plain,express,plain,get,100,1,0,6754.4,67.19,405229,14.16,13,18,18,407,0,0,0,316.44583333969115,120,98.47516666666667,100.51,35.21516666666667,35.64,17.793023,22.052863,81.1796875,0,0,200,0,run-20260924-085547,2026-09-24
express-plain,express,plain,get,100,2,0,6808.54,83.14,408483,14.06,13,18,19,434,0,0,0,318.9666666698456,120,98.4895,100.49,37.022166666666664,37.82,17.842175,22.659071,81.359375,0,0,200,0,run-20260924-085547,2026-09-24
express-plain,express,plain,get,100,3,0,6747.2,66.04,404801,14.18,13,18,19,583,0,0,0,316.10000000953676,120,98.48483333333333,100.51,34.809666666666665,35.56,17.858559,21.446655,80.73828125,0,0,200,0,run-20260924-085547,2026-09-24
express-plain,express,plain,get,100,4,0,6820.34,71,409211,14.03,13,18,18,486,0,0,0,319.5416666698456,120,98.47283333333333,100.47,35.228833333333334,36.03,17.645567,22.364159,81.5,0,0,200,0,run-20260924-085547,2026-09-24
express-plain,express,plain,get,100,5,0,6704.07,77.58,402207,14.33,13,18,22,636,0,0,0,314.0875,120,98.42716666666666,100.52,34.20316666666667,35.81,18.694143,21.970943,80.46875,0,0,200,0,run-20260924-085547,2026-09-24
express-plain,express,plain,get,10,1,0,6918,83.56,415033,0.86,1,2,3,9,0,0,0,324.10000000953676,120,98.48866666666667,100.51,29.9665,30.68,11.943935,13.623295,77.53515625,0,0,200,0,run-20260924-085547,2026-09-24
express-plain,express,plain,get,10,2,0,6888.54,83.91,413278,0.9,1,2,3,8,0,0,0,322.7375,120,98.47633333333333,100.44,29.905666666666665,30.46,11.657215,13.721599,77.140625,0,0,200,0,run-20260924-085547,2026-09-24
express-plain,express,plain,get,10,3,0,6939.07,85.34,416302,0.82,1,2,3,8,0,0,0,325.0875,120,98.47683333333333,100.52,30.018833333333333,30.83,11.812863,14.180351,77.1953125,0,0,200,0,run-20260924-085547,2026-09-24
express-plain,express,plain,get,10,4,0,7000.07,91.64,419991,0.6,1,2,3,9,0,0,0,327.95416666984556,120,98.56183333333334,100.63,29.861333333333334,30.41,12.304383,15.458303,77.33984375,0,0,200,0,run-20260924-085547,2026-09-24
express-plain,express,plain,get,10,5,0,6847.07,80.19,410804,0.92,1,2,3,10,0,0,0,320.78750000953676,120,98.49,100.46,29.688833333333335,30.43,11.919359,14.229503,77.1484375,0,0,200,0,run-20260924-085547,2026-09-24
express-plain,express,plain,get,500,1,0,6533.74,91.23,391983,74.72,74,83,83,9972,0,50,50,306.1041666698456,120,98.41133333333333,100.5,44.79666666666667,45.89,84.082687,100.466687,87.54296875,0,0,200,0,run-20260924-085547,2026-09-24
express-plain,express,plain,get,500,2,0,6518.27,101.02,391066,75.32,75,84,84,9940,0,34,34,305.3791666698456,120,98.4815,100.6,44.5445,45.94,84.738047,87.228415,87.65625,0,0,200,0,run-20260924-085547,2026-09-24
express-plain,express,plain,get,500,3,0,6473.27,95.16,388380,75.45,75,84,84,9973,0,49,49,303.28750000953676,120,98.48116666666667,100.6,45.63733333333333,46.86,81.330175,91.160575,88.20703125,0,0,200,0,run-20260924-085547,2026-09-24
express-plain,express,plain,get,500,4,0,6717.8,95.29,403035,72.46,72,78,78,9966,0,58,58,314.7416666698456,120,98.47516666666667,100.5,44.64633333333333,46.11,78.839807,89.194495,87.48046875,0,0,200,0,run-20260924-085547,2026-09-24
express-plain,express,plain,get,500,5,0,6529,92.56,391714,74.94,75,83,84,9960,0,44,44,305.89583333969114,120,98.4525,100.54,44.951166666666666,46.2,84.213759,95.420415,87.28125,0,0,200,0,run-20260924-085547,2026-09-24
express-plain,express,plain,post,100,1,0,17431.74,606.53,1045852,5.06,4,9,9,237,0,0,0,8.660904951095581,120,98.6505,100.66,37.58733333333333,38.03,17.661951,24.199167,84.17578125,0,0,200,0,run-20260924-085547,2026-09-24
express-plain,express,plain,post,100,2,0,17248.67,908.51,1034875,5.13,4,9,10,304,0,0,0,8.569954433441161,120,98.64366666666666,100.69,38.66433333333333,39.4,18.776063,22.069247,84.4140625,0,0,200,0,run-20260924-085547,2026-09-24
express-plain,express,plain,post,100,3,0,17485,297.69,1049048,5.03,4,9,9,306,0,0,0,8.68746745109558,120,98.607,100.57,38.38883333333333,39.14,17.317887,22.020095,85.2265625,0,0,200,0,run-20260924-085547,2026-09-24
express-plain,express,plain,post,100,4,0,17741.14,347.67,1064383,4.98,4,9,9,233,0,0,0,8.81435546875,120,99.37958333333333,100.6,38.88041666666667,40.13,17.104895,23.085055,84.55859375,0,0,200,0,run-20260924-085547,2026-09-24
express-plain,express,plain,post,100,5,0,16311.74,694.71,978720,5.62,5,10,10,332,0,0,0,8.104850263595582,120,99.40116666666667,100.62,36.50066666666667,37.23,17.989631,24.788991,83.171875,0,0,200,0,run-20260924-085547,2026-09-24
express-plain,express,plain,post,10,1,0,18218.07,490.7,1093016,0.06,0,1,3,9,0,0,0,9.051204433441162,120,99.415,100.7,30.183833333333332,30.99,12.615679,18.989055,79.83984375,0,0,200,0,run-20260924-085547,2026-09-24
express-plain,express,plain,post,10,2,0,18534.67,370.52,1112047,0.06,0,1,3,9,0,0,0,9.208854169845582,120,99.43783333333333,100.7,31.085416666666667,31.76,12.705791,16.531455,79.72265625,0,0,200,0,run-20260924-085547,2026-09-24
express-plain,express,plain,post,10,3,0,17974.6,359.01,1078452,0.06,0,1,3,11,0,0,0,8.93111979484558,120,98.65516666666667,100.65,31.279833333333332,33.0,12.738559,19.382271,79.44921875,0,0,200,0,run-20260924-085547,2026-09-24
express-plain,express,plain,post,10,4,0,17942.07,415.77,1076554,0.06,0,1,3,9,0,0,0,8.915201826095581,120,98.663,100.68,30.9425,32.48,12.738559,16.826367,79.7890625,0,0,200,0,run-20260924-085547,2026-09-24
express-plain,express,plain,post,10,5,0,17544.2,381.92,1052589,0.06,0,1,3,8,0,0,0,8.716178388595582,120,98.6365,100.64,30.879,32.2,12.591103,16.072703,79.48828125,0,0,200,0,run-20260924-085547,2026-09-24
express-plain,express,plain,post,500,1,0,16119.07,223.97,967123,30.55,30,37,37,3488,0,0,0,8.008919277191161,120,98.61083333333333,100.65,57.553,58.21,34.832383,52.527103,98.47265625,0,0,200,0,run-20260924-085547,2026-09-24
express-plain,express,plain,post,500,2,0,16024.4,226.97,961397,30.72,30,37,37,6474,0,0,0,7.961555995941162,120,98.62333333333333,100.64,55.65083333333333,56.29,35.094527,36.667391,97.80078125,0,0,200,0,run-20260924-085547,2026-09-24
express-plain,express,plain,post,500,3,0,16401.41,214.59,984069,29.95,30,36,36,5258,0,0,0,8.149674482345581,120,99.304,100.6,56.75633333333333,57.18,32.194559,43.384831,98.6875,0,0,200,0,run-20260924-085547,2026-09-24
express-plain,express,plain,post,500,4,0,16075.14,341.05,964475,30.62,30,37,37,3974,0,0,0,7.987076826095581,120,98.58816666666667,100.62,54.93233333333333,55.29,32.030719,48.791551,96.35546875,0,0,200,0,run-20260924-085547,2026-09-24
express-plain,express,plain,post,500,5,0,16150.94,219.5,969029,30.48,30,36,37,6085,0,0,0,8.02447916984558,120,98.56866666666667,100.66,56.695,57.27,33.849343,38.895615,98.3046875,0,0,200,0,run-20260924-085547,2026-09-24
express-zod,express,zod,get,100,1,0,6646.94,60.27,398789,14.63,14,19,19,299,0,0,0,311.4291666698456,120,98.49016666666667,100.45,36.737833333333334,37.46,18.251775,24.150015,82.0078125,0,0,200,0,run-20260924-085547,2026-09-24
express-zod,express,zod,get,100,2,0,6734,80.63,404022,14.19,13,18,19,459,0,0,0,315.50833333969115,120,98.49983333333333,100.48,35.25683333333333,35.82,17.956863,24.412159,81.6953125,0,0,200,0,run-20260924-085547,2026-09-24
express-zod,express,zod,get,100,3,0,6786.67,82.4,407171,14.1,13,18,18,616,0,0,0,317.95833333969114,120,98.54133333333333,100.51,35.91566666666667,36.76,17.776639,21.364735,81.83203125,0,0,200,0,run-20260924-085547,2026-09-24
express-zod,express,zod,get,100,4,0,6757.94,67.41,405445,14.16,13,18,19,491,0,0,0,316.5958333396912,120,98.51866666666666,100.51,35.87766666666667,36.7,17.825791,22.675455,81.7734375,0,0,200,0,run-20260924-085547,2026-09-24
express-zod,express,zod,get,100,5,0,6754.67,72.12,405244,14.14,13,18,19,509,0,0,0,316.44583333969115,120,98.47083333333333,100.44,35.660333333333334,36.44,17.956863,22.216703,81.53125,0,0,200,0,run-20260924-085547,2026-09-24
express-zod,express,zod,get,10,1,0,6928.4,80.71,415676,0.82,1,2,3,9,0,0,0,324.5916666698456,120,98.495,100.55,29.845666666666666,30.51,12.500991,16.228351,78.09375,0,0,200,0,run-20260924-085547,2026-09-24
express-zod,express,zod,get,10,2,0,6922.6,73.97,415330,0.82,1,2,3,9,0,0,0,324.33333333969114,120,98.52433333333333,100.52,30.3585,30.94,12.091391,13.950975,77.90625,0,0,200,0,run-20260924-085547,2026-09-24
express-zod,express,zod,get,10,3,0,6963.6,72.68,417788,0.66,1,2,3,7,0,0,0,326.25,120,98.52366666666667,100.54,30.368333333333332,30.81,12.435455,14.155775,77.765625,0,0,200,0,run-20260924-085547,2026-09-24
express-zod,express,zod,get,10,4,0,6928.87,76.78,415691,0.82,1,2,3,8,0,0,0,324.5958333396912,120,98.41,100.48,30.119833333333332,30.85,12.238847,13.975551,77.94921875,0,0,200,0,run-20260924-085547,2026-09-24
express-zod,express,zod,get,10,5,0,6934.67,74.79,416047,0.82,1,2,3,7,0,0,0,324.8875,120,98.48,100.48,30.215833333333332,31.64,12.451839,13.729791,78,0,0,200,0,run-20260924-085547,2026-09-24
express-zod,express,zod,get,500,1,0,6539.87,127.05,392346,74.86,75,84,84,9987,0,42,42,306.37083333969116,120,98.34616666666666,100.49,45.597166666666666,47.22,84.934655,95.879167,87.98046875,0,0,200,0,run-20260924-085547,2026-09-24
express-zod,express,zod,get,500,2,0,6453.6,114.77,387196,75.26,75,84,85,9972,0,65,65,302.35000000953676,120,98.42333333333333,100.44,46.1825,47.44,85.590015,88.997887,88.15625,0,0,200,0,run-20260924-085547,2026-09-24
express-zod,express,zod,get,500,3,0,6509.6,110.08,390541,76.02,75,84,84,9940,0,10,10,304.98333333969117,120,98.49833333333333,100.56,45.6635,47.0,79.429631,88.473599,88.09375,0,0,200,0,run-20260924-085547,2026-09-24
express-zod,express,zod,get,500,4,0,6538.87,103.45,392284,75.42,75,83,83,9934,0,20,20,306.325,120,98.44633333333333,100.47,45.81516666666667,46.84,84.017151,84.672511,88.3671875,0,0,200,0,run-20260924-085547,2026-09-24
express-zod,express,zod,get,500,5,0,6721.27,101,403257,72.34,72,79,79,9965,0,61,61,314.9083333396912,120,98.48966666666666,100.5,45.7525,46.83,79.560703,85.000191,88.3359375,0,0,200,0,run-20260924-085547,2026-09-24
express-zod,express,zod,post,100,1,0,16280.87,331.63,976854,5.75,5,10,11,215,0,0,0,8.088997402191161,120,98.5905,100.6,36.7485,37.2,17.170431,26.476543,82.68359375,0,0,200,0,run-20260924-085547,2026-09-24
express-zod,express,zod,post,100,2,0,16044.54,288.67,962635,5.91,5,10,10,328,0,0,0,7.9712890625,120,98.59816666666667,100.62,37.0415,37.8,18.120703,23.625727,82.48046875,0,0,200,0,run-20260924-085547,2026-09-24
express-zod,express,zod,post,100,3,0,15958.94,310.84,957507,5.93,5,10,11,37,0,0,0,7.9294921875,120,98.59666666666666,100.57,39.383833333333335,40.19,18.137087,26.591231,84.48828125,0,0,200,0,run-20260924-085547,2026-09-24
express-zod,express,zod,post,100,4,0,16123.94,326.93,967405,5.9,5,10,11,396,0,0,0,8.0111328125,120,98.62016666666666,100.66,38.158833333333334,40.1,18.006015,23.511039,83.15625,0,0,200,0,run-20260924-085547,2026-09-24
express-zod,express,zod,post,100,5,0,15955.07,307.76,957272,5.94,5,10,11,328,0,0,0,7.926953125,120,98.56616666666666,100.54,38.53,39.35,18.169855,23.412735,83,0,0,200,0,run-20260924-085547,2026-09-24
express-zod,express,zod,post,10,1,0,16377.07,822.89,982560,0.06,0,1,3,9,0,0,0,8.136425790786744,120,98.6725,101.0,30.679666666666666,32.25,12.902399,16.924671,79.81640625,0,0,200,0,run-20260924-085547,2026-09-24
express-zod,express,zod,post,10,2,0,16605.54,740.81,996301,0.06,0,1,3,8,0,0,0,8.250520839691163,120,98.646,100.66,32.033,32.43,12.918783,17.924095,79.609375,0,0,200,0,run-20260924-085547,2026-09-24
express-zod,express,zod,post,10,3,0,16857.27,329.3,1011406,0.06,0,1,3,12,0,0,0,8.375227870941162,120,99.389,100.61,31.655333333333335,33.07,12.886015,21.151743,80.17578125,0,0,200,0,run-20260924-085547,2026-09-24
express-zod,express,zod,post,10,4,0,16794.8,382.84,1007688,0.06,0,1,3,8,0,0,0,8.344986982345581,120,98.64833333333333,101.56,32.429,32.82,12.836863,16.228351,80.109375,0,0,200,0,run-20260924-085547,2026-09-24
express-zod,express,zod,post,10,5,0,16698,554.24,1001843,0.06,0,1,3,8,0,0,0,8.2958984375,120,98.64783333333334,100.76,31.676,32.76,12.869631,16.924671,79.921875,0,0,200,0,run-20260924-085547,2026-09-24
express-zod,express,zod,post,500,1,0,14610.14,196.65,876552,33.73,33,41,41,5880,0,0,0,7.2591796875,120,98.58,100.65,52.908166666666666,54.15,36.438015,42.369023,95.70703125,0,0,200,0,run-20260924-085547,2026-09-24
express-zod,express,zod,post,500,2,0,13678.14,467.88,820659,36.09,35,44,44,8275,0,0,0,6.796158857345581,120,99.41975,100.73,54.12733333333333,54.52,39.419903,43.778047,95.70703125,0,0,200,0,run-20260924-085547,2026-09-24
express-zod,express,zod,post,500,3,0,14658.27,247.96,879432,33.62,33,41,41,5564,0,0,0,7.282682294845581,120,98.5865,100.62,53.6925,54.37,39.354367,50.233343,96.01171875,0,0,200,0,run-20260924-085547,2026-09-24
express-zod,express,zod,post,500,4,0,14568,225.18,874051,33.83,33,41,41,5857,0,0,0,7.238216152191162,120,98.608,100.67,53.4015,54.09,35.815423,42.565631,95.96875,0,0,200,0,run-20260924-085547,2026-09-24
express-zod,express,zod,post,500,5,0,14691.2,219.83,881447,33.54,33,41,41,5942,0,0,0,7.299348964691162,120,98.617,100.66,53.89966666666667,54.37,36.863999,44.335103,96.20703125,0,0,200,0,run-20260924-085547,2026-09-24
fastify-plain,fastify,plain,get,100,1,0,11032.8,136.18,661932,8.31,8,9,17,415,0,0,0,516.2041666698456,120,98.488,100.56,34.9675,35.67,18.366463,25.083903,80.8125,0,0,200,0,run-20260924-085547,2026-09-24
fastify-plain,fastify,plain,get,100,2,0,11054.4,149.75,663215,8.26,8,9,17,455,0,0,0,517.2208333396911,120,98.52533333333334,100.55,34.0535,35.09,18.382847,24.346623,80.51953125,0,0,200,0,run-20260924-085547,2026-09-24
fastify-plain,fastify,plain,get,100,3,0,10991.74,252.32,659464,8.32,8,9,15,458,0,0,0,514.275,120,99.34316666666666,100.55,34.751666666666665,35.94,19.726335,21.594111,80.90625,0,0,200,0,run-20260924-085547,2026-09-24
fastify-plain,fastify,plain,get,100,4,0,11062.8,98.11,663733,8.25,8,9,16,238,0,0,0,517.61875,120,98.55333333333333,100.54,33.776833333333336,34.66,18.448383,23.707647,80.7578125,0,0,200,0,run-20260924-085547,2026-09-24
fastify-plain,fastify,plain,get,100,5,0,10945.34,143.76,656688,8.58,8,9,17,120,0,0,0,512.1208333396912,120,98.54433333333333,100.59,33.803666666666665,35.11,18.874367,28.065791,80.73046875,0,0,200,0,run-20260924-085547,2026-09-24
fastify-plain,fastify,plain,get,10,1,0,11130.54,97.71,667782,0.15,0,1,1,11,0,0,0,520.7708333396912,120,98.56266666666667,100.56,29.863333333333333,32.41,10.551295,13.844479,80.171875,0,0,200,0,run-20260924-085547,2026-09-24
fastify-plain,fastify,plain,get,10,2,0,11030,291.89,661778,0.15,0,1,1,8,0,0,0,516.0458333396912,120,98.54716666666667,100.52,30.003333333333334,32.5,10.551295,13.737983,80.1875,0,0,200,0,run-20260924-085547,2026-09-24
fastify-plain,fastify,plain,get,10,3,0,10985.74,259.74,659119,0.15,0,1,1,13,0,0,0,514.0041666698456,120,98.6085,100.78,30.495,33.17,10.600447,17.629183,80.18359375,0,0,200,0,run-20260924-085547,2026-09-24
fastify-plain,fastify,plain,get,10,4,0,11032,105.1,661880,0.15,0,1,1,8,0,0,0,516.1520833396912,120,98.57083333333334,100.64,30.050833333333333,32.66,10.395647,11.747327,80.1015625,0,0,200,0,run-20260924-085547,2026-09-24
fastify-plain,fastify,plain,get,10,5,0,10664,472.28,639817,0.15,0,1,1,8,0,0,0,498.95,120,98.56683333333334,100.59,30.320166666666665,32.9,10.534911,13.189119,79.9609375,0,0,200,0,run-20260924-085547,2026-09-24
fastify-plain,fastify,plain,get,500,1,0,10960.54,168.53,657581,45.11,45,49,52,7101,0,0,0,512.8229166698455,120,98.504,100.69,39.754333333333335,42.18,54.591487,66.650111,83.37109375,0,0,200,0,run-20260924-085547,2026-09-24
fastify-plain,fastify,plain,get,500,2,0,10982.54,176.37,658949,45.08,45,46,52,8369,0,0,0,513.8708333396912,120,98.57566666666666,100.69,39.28216666666667,40.11,53.575679,62.423039,83.06640625,0,0,200,0,run-20260924-085547,2026-09-24
fastify-plain,fastify,plain,get,500,3,0,10987.2,172.57,659197,45.02,45,47,52,7012,0,0,0,514.05625,120,98.60133333333333,100.73,39.352666666666664,40.3,51.707903,68.026367,83.265625,0,0,200,0,run-20260924-085547,2026-09-24
fastify-plain,fastify,plain,get,500,4,0,10476.14,180.3,628504,46.8,47,49,54,9972,0,28,28,490.12083333969116,120,98.6595,100.75,39.63466666666667,40.81,53.346303,65.601535,83.296875,0,0,200,0,run-20260924-085547,2026-09-24
fastify-plain,fastify,plain,get,500,5,0,10994,189.32,659642,45,45,46,52,8562,0,0,0,514.3979166698456,120,98.57066666666667,100.65,40.13816666666666,41.4,55.607295,66.748415,83.74609375,0,0,200,0,run-20260924-085547,2026-09-24
fastify-plain,fastify,plain,post,100,1,0,52190.4,836.72,3131318,1.33,1,5,5,145,0,0,0,22.64635416984558,120,99.40883333333333,101.64,38.337833333333336,38.82,14.352383,19.595263,84.703125,0,0,200,0,run-20260924-085547,2026-09-24
fastify-plain,fastify,plain,post,100,2,0,52009.07,725.59,3120540,1.33,1,5,5,166,0,0,0,22.569010419845583,120,99.39483333333334,101.57,38.20616666666667,38.98,14.344191,15.695871,84.0859375,0,0,200,0,run-20260924-085547,2026-09-24
fastify-plain,fastify,plain,post,100,3,0,51702.4,1115.44,3102219,1.34,1,5,5,201,0,0,0,22.436197919845583,120,99.41883333333334,101.8,39.20066666666666,40.16,14.409727,15.155199,84.7265625,0,0,200,0,run-20260924-085547,2026-09-24
fastify-plain,fastify,plain,post,100,4,0,52072,724.69,3124303,1.34,1,5,5,94,0,0,0,22.594270839691163,120,99.3875,101.58,38.317166666666665,38.83,14.368767,16.007167,84.64453125,0,0,200,0,run-20260924-085547,2026-09-24
fastify-plain,fastify,plain,post,100,5,0,51716.27,642.08,3102930,1.34,1,5,5,19,0,0,0,22.440104169845583,120,99.41816666666666,101.6,38.6855,39.5,14.508031,20.250623,84.34765625,0,0,200,0,run-20260924-085547,2026-09-24
fastify-plain,fastify,plain,post,10,1,0,54920.54,613.91,3295248,0.02,0,0,0,9,0,0,0,23.83125,120,99.70766666666667,101.71,31.569333333333333,32.04,12.894207,19.103743,80.88671875,0,0,200,0,run-20260924-085547,2026-09-24
fastify-plain,fastify,plain,post,10,2,0,54850.67,590.96,3291150,0.02,0,0,0,6,0,0,0,23.8015625,120,99.686,101.76,31.705666666666666,32.26,12.943359,15.523839,81.08984375,0,0,200,0,run-20260924-085547,2026-09-24
fastify-plain,fastify,plain,post,10,3,0,55530.67,610.03,3331847,0.02,0,0,0,11,0,0,0,24.09557291984558,120,99.66766666666666,101.74,32.410833333333336,32.64,12.959743,14.204927,81.359375,0,0,200,0,run-20260924-085547,2026-09-24
fastify-plain,fastify,plain,post,10,4,0,54672,482.06,3280241,0.02,0,0,0,9,0,0,0,23.723177089691163,120,99.68633333333334,101.74,32.02883333333333,32.84,12.943359,16.408575,81.765625,0,0,200,0,run-20260924-085547,2026-09-24
fastify-plain,fastify,plain,post,10,5,0,55439.47,640.84,3326287,0.02,0,0,0,9,0,0,0,24.05546875,120,99.697,101.79,32.05916666666667,32.29,12.959743,18.989055,81.40234375,0,0,200,0,run-20260924-085547,2026-09-24
fastify-plain,fastify,plain,post,500,1,0,45750.94,968.13,2745049,10.49,8,16,17,1984,0,0,0,19.85234375,120,99.19433333333333,101.51,54.59316666666667,56.0,22.462463,27.230207,98.05859375,0,0,200,0,run-20260924-085547,2026-09-24
fastify-plain,fastify,plain,post,500,2,0,49253.87,1011.45,2955195,9.69,8,15,16,1919,0,0,0,21.371875,120,99.26583333333333,101.49,49.30833333333334,50.2,17.448959,26.902527,92.08984375,0,0,200,0,run-20260924-085547,2026-09-24
fastify-plain,fastify,plain,post,500,3,0,48832,863.2,2929952,9.84,8,15,16,2070,0,0,0,21.190104169845583,120,99.3015,101.52,47.627,48.0,16.891903,25.526271,91.26953125,0,0,200,0,run-20260924-085547,2026-09-24
fastify-plain,fastify,plain,post,500,4,0,46085.87,570.27,2765094,10.41,8,16,17,1690,0,0,0,19.99817708969116,120,99.265,101.53,51.58166666666666,53.34,22.265855,26.902527,95.625,0,0,200,0,run-20260924-085547,2026-09-24
fastify-plain,fastify,plain,post,500,5,0,46143.47,497.79,2768588,10.41,8,16,17,2070,0,0,0,20.020833339691162,120,99.324,101.58,50.522166666666664,50.78,22.183935,27.164671,92.94140625,0,0,200,0,run-20260924-085547,2026-09-24
fastify-schema,fastify,schema,get,100,1,0,6280.27,69.47,376766,15.24,15,16,30,813,0,0,0,293.82916666984556,120,99.26525,100.47,35.74025,36.57,16.187391,33.816575,81.68359375,0,0,200,0,run-20260924-085547,2026-09-24
fastify-schema,fastify,schema,get,100,2,0,6284.27,70.55,377027,15.22,15,15,30,552,0,0,0,294.02083333969114,120,98.5045,100.44,34.966833333333334,35.64,16.015359,31.145983,81.77734375,0,0,200,0,run-20260924-085547,2026-09-24
fastify-schema,fastify,schema,get,100,3,0,6283.87,67.74,376995,15.22,15,15,31,483,0,0,0,293.9875,120,99.26233333333333,100.45,35.62,36.68,16.080895,31.293439,81.640625,0,0,200,0,run-20260924-085547,2026-09-24
fastify-schema,fastify,schema,get,100,4,0,6346.34,67,380759,15.21,15,15,30,569,0,0,0,296.9291666698456,120,98.51983333333334,100.49,35.80166666666667,37.08,15.917055,25.247743,81.78515625,0,0,200,0,run-20260924-085547,2026-09-24
fastify-schema,fastify,schema,get,100,5,0,6311.54,75.48,378651,15.22,15,16,30,109,0,0,0,295.27083333969114,120,98.57033333333334,100.52,35.178333333333335,35.89,17.121279,27.344895,81.7265625,0,0,200,0,run-20260924-085547,2026-09-24
fastify-schema,fastify,schema,get,10,1,0,6338.47,69.98,380279,1.15,1,2,2,10,0,0,0,296.5625,120,98.53366666666666,100.49,33.304833333333335,34.05,11.091967,17.367039,81.20703125,0,0,200,0,run-20260924-085547,2026-09-24
fastify-schema,fastify,schema,get,10,2,0,6335.6,59.92,380117,1.15,1,2,2,10,0,0,0,296.4291666698456,120,98.43933333333334,100.48,33.4305,34.07,11.091967,16.064511,81.26171875,0,0,200,0,run-20260924-085547,2026-09-24
fastify-schema,fastify,schema,get,10,3,0,6300.54,185.57,378001,1.15,1,2,2,14,0,0,0,294.78750000953676,120,98.52566666666667,100.51,32.95666666666666,33.67,11.051007,15.581183,81.109375,0,0,200,0,run-20260924-085547,2026-09-24
fastify-schema,fastify,schema,get,10,4,0,6379.8,65.27,382754,1.15,1,2,2,10,0,0,0,298.4875,120,99.27783333333333,100.5,32.48741666666667,33.28,11.059199,16.605183,81.11328125,0,0,200,0,run-20260924-085547,2026-09-24
fastify-schema,fastify,schema,get,10,5,0,6368.54,66.74,382069,1.15,1,2,2,14,0,0,0,297.95416666984556,120,98.44033333333333,100.45,33.35633333333333,34.21,11.067391,15.548415,81.47265625,0,0,200,0,run-20260924-085547,2026-09-24
fastify-schema,fastify,schema,get,500,1,0,6318.07,166.75,379047,76.76,77,79,86,9970,0,70,70,295.575,120,98.36583333333333,100.48,40.225,41.51,81.002495,94.109695,84.06640625,0,0,200,0,run-20260924-085547,2026-09-24
fastify-schema,fastify,schema,get,500,2,0,6324.74,99.7,379462,76.89,78,80,87,9981,0,61,61,295.91250000953676,120,99.15966666666667,100.48,39.99316666666667,40.89,82.313215,94.306303,83.91796875,0,0,200,0,run-20260924-085547,2026-09-24
fastify-schema,fastify,schema,get,500,3,0,6354.07,118.82,381197,77.35,77,84,86,9979,0,30,30,297.2791666698456,120,98.46216666666666,100.48,40.36216666666667,41.5,86.900735,93.650943,83.74609375,0,0,200,0,run-20260924-085547,2026-09-24
fastify-schema,fastify,schema,get,500,4,0,6274.47,99.9,376432,75.9,78,80,87,9997,0,123,123,293.55,120,98.47033333333333,100.49,39.4195,40.1,81.723391,96.141311,83.4375,0,0,200,0,run-20260924-085547,2026-09-24
fastify-schema,fastify,schema,get,500,5,0,6232.4,152.06,373888,79.47,78,82,86,9985,0,9,9,291.60833333969117,120,98.42466666666667,100.49,40.16133333333333,41.11,86.704127,91.488255,83.484375,0,0,200,0,run-20260924-085547,2026-09-24
fastify-schema,fastify,schema,post,100,1,0,47790.94,628.51,2867394,1.4,1,5,6,97,0,0,0,20.73671875,120,99.449,101.5,39.33266666666667,40.59,14.311423,25.985023,85.35546875,0,0,200,0,run-20260924-085547,2026-09-24
fastify-schema,fastify,schema,post,100,2,0,47240.54,669.39,2834423,1.41,1,5,6,90,0,0,0,20.498697919845583,120,99.42166666666667,101.49,37.165,38.54,14.598143,19.759103,85.03515625,0,0,200,0,run-20260924-085547,2026-09-24
fastify-schema,fastify,schema,post,100,3,0,47648,717.35,2858781,1.39,1,5,6,184,0,0,0,20.67473958969116,120,99.41033333333333,101.53,39.70133333333333,40.38,14.311423,17.661951,86.12890625,0,0,200,0,run-20260924-085547,2026-09-24
fastify-schema,fastify,schema,post,100,4,0,47422.94,655.9,2845112,1.4,1,5,6,182,0,0,0,20.57604166984558,120,99.30366666666667,101.44,39.19433333333333,40.22,14.335999,18.333695,85.43359375,0,0,200,0,run-20260924-085547,2026-09-24
fastify-schema,fastify,schema,post,100,5,0,47533.34,687.75,2852093,1.39,1,5,6,138,0,0,0,20.62682291984558,120,99.33933333333333,101.49,38.916,39.54,14.335999,20.660223,85.80078125,0,0,200,0,run-20260924-085547,2026-09-24
fastify-schema,fastify,schema,post,10,1,0,50761.6,702.35,3045639,0.02,0,0,0,9,0,0,0,22.02552083969116,120,99.63283333333334,101.65,32.52733333333333,32.89,12.886015,17.940479,82.984375,0,0,200,0,run-20260924-085547,2026-09-24
fastify-schema,fastify,schema,post,10,2,0,51145.6,661.56,3068713,0.02,0,0,0,13,0,0,0,22.19427083969116,120,99.63833333333334,101.71,34.5205,35.01,12.591103,16.244735,83.1640625,0,0,200,0,run-20260924-085547,2026-09-24
fastify-schema,fastify,schema,post,10,3,0,50804.8,611.53,3048311,0.02,0,0,0,12,0,0,0,22.045572919845583,120,99.6285,101.7,33.26133333333333,33.64,13.017087,20.660223,82.890625,0,0,200,0,run-20260924-085547,2026-09-24
fastify-schema,fastify,schema,post,10,4,0,50459.74,546.51,3027589,0.02,0,0,0,9,0,0,0,21.8953125,120,99.57866666666666,101.62,33.336333333333336,33.86,13.041663,15.261695,82.83203125,0,0,200,0,run-20260924-085547,2026-09-24
fastify-schema,fastify,schema,post,10,5,0,50580.27,647.97,3034729,0.02,0,0,0,11,0,0,0,21.948697919845582,120,99.61016666666667,101.65,33.867333333333335,34.26,13.025279,20.578303,82.4921875,0,0,200,0,run-20260924-085547,2026-09-24
fastify-schema,fastify,schema,post,500,1,0,44454.94,1077.73,2667199,10.67,9,17,17,1711,0,0,0,19.288802089691163,120,99.17166666666667,101.43,51.379666666666665,51.88,24.379391,26.705919,94.43359375,0,0,200,0,run-20260924-085547,2026-09-24
fastify-schema,fastify,schema,post,500,2,0,44076.27,549.75,2644570,10.78,9,17,17,1933,0,0,0,19.12578125,120,99.25633333333333,101.37,49.20816666666666,49.82,23.134207,35.160063,93.10546875,0,0,200,0,run-20260924-085547,2026-09-24
fastify-schema,fastify,schema,post,500,3,0,44920,1310.41,2695195,10.57,9,17,17,2638,0,0,0,19.491666669845582,120,99.30283333333334,101.53,49.239,49.51,22.446079,29.016063,92.1328125,0,0,200,0,run-20260924-085547,2026-09-24
fastify-schema,fastify,schema,post,500,4,0,44448,722.91,2666866,10.69,9,17,17,2203,0,0,0,19.287760419845583,120,99.28033333333333,101.37,49.358333333333334,50.21,27.049983,28.000255,92.80859375,0,0,200,0,run-20260924-085547,2026-09-24
fastify-schema,fastify,schema,post,500,5,0,45300.8,1218.82,2717971,10.46,9,16,17,1882,0,0,0,19.655729169845582,120,99.33766666666666,101.49,52.34583333333333,52.7,25.837567,27.983871,94.7890625,0,0,200,0,run-20260924-085547,2026-09-24
express-plain,express,plain,get,100,1,50,1957.25,23.27,117435,50.6,50,53,54,58,0,0,0,23.053385419845583,120,17.473166666666668,20.64,32.411833333333334,33.28,12.165119,16.318463,78.83984375,0,0,50,0,run-20260924-122041,2026-09-24
express-plain,express,plain,get,100,2,50,1952.94,24.19,117176,50.7,51,53,54,60,0,0,0,23.003385419845582,120,18.023,22.39,32.52183333333333,33.46,12.410879,16.154623,79.328125,0,0,50,0,run-20260924-122041,2026-09-24
express-plain,express,plain,get,100,3,50,1957.22,26.18,117433,50.58,50,53,54,61,0,0,0,23.0546875,120,18.0325,20.61,32.626666666666665,33.52,12.140543,18.415615,79.38671875,0,0,50,0,run-20260924-122041,2026-09-24
express-plain,express,plain,get,100,4,50,1952.95,25.71,117177,50.69,51,53,54,62,0,0,0,23.003645839691163,120,17.953,20.99,32.24933333333333,33.13,12.238847,19.546111,79.546875,0,0,50,0,run-20260924-122041,2026-09-24
express-plain,express,plain,get,100,5,50,1954.64,26.89,117278,50.66,51,53,54,63,0,0,0,23.022916669845582,120,18.387166666666666,20.7,32.40725,33.11,12.107775,21.954559,78.8359375,0,0,50,0,run-20260924-122041,2026-09-24
express-plain,express,plain,get,100,1,5,11746.8,101.91,704787,8.11,8,11,11,26,0,0,0,138.3604166698456,120,83.23275,85.3,34.39308333333334,35.36,15.155199,23.855103,80.6796875,0,0,50,0,run-20260924-122041,2026-09-24
express-plain,express,plain,get,100,2,5,11653.2,233.66,699165,8.15,8,11,11,23,0,0,0,137.26145833969116,120,83.8215,88.16,34.94141666666667,35.69,15.286271,18.874367,80.671875,0,0,50,0,run-20260924-122041,2026-09-24
express-plain,express,plain,get,100,3,5,11667.74,162.31,700045,8.14,8,11,11,23,0,0,0,137.42864583969117,120,82.88,85.42,33.9835,34.56,15.114239,19.677183,81.04296875,0,0,50,0,run-20260924-122041,2026-09-24
express-plain,express,plain,get,100,4,5,11694.94,163.32,701673,8.13,8,11,11,20,0,0,0,137.74739583969117,120,82.96333333333334,85.61,34.577,35.26,15.253503,21.381119,81.01171875,0,0,50,0,run-20260924-122041,2026-09-24
express-plain,express,plain,get,100,5,5,11700.4,123.08,702019,8.13,8,11,11,22,0,0,0,137.81875,120,83.51608333333333,85.57,34.911833333333334,35.77,15.335423,16.769023,81.24609375,0,0,50,0,run-20260924-122041,2026-09-24
express-plain,express,plain,post,100,1,50,1974.05,20.11,118443,50.15,50,52,53,63,0,0,0,0.9807454490661621,120,17.305,21.49,34.20933333333333,34.67,11.984895,17.530879,79.9921875,0,0,50,0,run-20260924-122041,2026-09-24
express-plain,express,plain,post,100,2,50,1970.47,24.19,118228,50.24,50,52,53,60,0,0,0,0.9790283203125,120,17.543333333333333,22.03,34.16983333333334,34.77,11.968511,15.474687,79.95703125,0,0,50,0,run-20260924-122041,2026-09-24
express-plain,express,plain,post,100,3,50,1973.3,20.2,118398,50.16,50,52,53,63,0,0,0,0.9804443359375,120,17.346833333333333,21.41,33.41316666666667,34.37,11.862015,14.950399,79.66015625,0,0,50,0,run-20260924-122041,2026-09-24
express-plain,express,plain,post,100,4,50,1975.19,18.4,118511,50.11,50,52,53,57,0,0,0,0.9813313865661621,120,17.032666666666668,21.78,34.001,34.35,11.780095,20.856831,80.0625,0,0,50,0,run-20260924-122041,2026-09-24
express-plain,express,plain,post,100,5,50,1975.07,16.01,118504,50.11,50,52,53,59,0,0,0,0.981290693283081,120,17.443666666666665,20.52,33.8365,34.41,11.878399,16.531455,79.71484375,0,0,50,0,run-20260924-122041,2026-09-24
express-plain,express,plain,post,100,1,5,13574.14,242.55,814422,6.93,7,10,11,51,0,0,0,6.744596357345581,120,84.89633333333333,87.86,35.994,36.7,15.187967,18.939903,82.73828125,0,0,50,0,run-20260924-122041,2026-09-24
express-plain,express,plain,post,100,2,5,13550.67,222.06,813018,6.93,6,10,11,45,0,0,0,6.732877607345581,120,85.97983333333333,89.69,37.63966666666666,37.99,15.392767,18.415615,82.84765625,0,0,50,0,run-20260924-122041,2026-09-24
express-plain,express,plain,post,100,3,5,13590,208.5,815368,6.92,7,10,11,26,0,0,0,6.752213544845581,120,84.02366666666667,87.17,37.88033333333333,39.33,15.212543,19.267583,83.5859375,0,0,50,0,run-20260924-122041,2026-09-24
express-plain,express,plain,post,100,4,5,13614.8,218.63,816867,6.91,7,10,11,48,0,0,0,6.7642578125,120,84.21816666666666,86.95,37.47833333333333,38.48,15.433727,25.673727,83.12109375,0,0,50,0,run-20260924-122041,2026-09-24
express-plain,express,plain,post,100,5,5,13567.34,245.45,814052,6.94,7,10,11,20,0,0,0,6.7416015625,120,84.2465,87.5,37.56216666666667,38.43,15.319039,20.905983,83.44140625,0,0,50,0,run-20260924-122041,2026-09-24
express-zod,express,zod,get,100,1,50,1952.25,25.07,117135,50.72,51,53,54,62,0,0,0,22.99427083969116,120,18.17,21.13,32.26733333333333,32.97,12.386303,20.971519,79.234375,0,0,50,0,run-20260924-122041,2026-09-24
express-zod,express,zod,get,100,2,50,1950.94,24.11,117056,50.76,51,53,54,62,0,0,0,22.979947919845582,120,18.446666666666665,20.94,33.11116666666667,33.99,12.345343,15.736831,79.83984375,0,0,50,0,run-20260924-122041,2026-09-24
express-zod,express,zod,get,100,3,50,1957.22,21.79,117433,50.6,50,53,54,61,0,0,0,23.0546875,120,17.805333333333333,21.18,33.47416666666667,34.37,12.148735,15.147007,79.828125,0,0,50,0,run-20260924-122041,2026-09-24
express-zod,express,zod,get,100,4,50,1953.02,27.81,117181,50.7,51,53,54,63,0,0,0,23.00390625,120,18.310333333333332,21.83,33.60933333333333,34.52,12.328959,16.056319,79.57421875,0,0,50,0,run-20260924-122041,2026-09-24
express-zod,express,zod,get,100,5,50,1953.45,23,117207,50.68,51,53,54,59,0,0,0,23.009375,120,18.209666666666667,21.7,33.181,33.83,12.353535,15.671295,79.39453125,0,0,50,0,run-20260924-122041,2026-09-24
express-zod,express,zod,get,100,1,5,11606.14,133.28,696309,8.19,8,11,11,25,0,0,0,136.69375,120,83.0565,85.63,35.75266666666666,36.78,15.630335,21.135359,82.45703125,0,0,50,0,run-20260924-122041,2026-09-24
express-zod,express,zod,get,100,2,5,11692.8,129.82,701541,8.16,8,11,11,26,0,0,0,137.71875,120,82.55183333333333,85.75,36.06816666666667,37.0,15.343615,29.474815,81.6015625,0,0,50,0,run-20260924-122041,2026-09-24
express-zod,express,zod,get,100,3,5,11671.87,118.82,700296,8.15,8,11,11,22,0,0,0,137.47916666984557,120,83.20066666666666,85.62,35.04216666666667,36.2,15.474687,23.494655,81.60546875,0,0,50,0,run-20260924-122041,2026-09-24
express-zod,express,zod,get,100,4,5,11388,178.66,683271,8.25,8,11,12,56,0,0,0,134.13697916984557,120,84.3435,88.04,35.476,36.23,15.818751,20.086783,81.8828125,0,0,50,0,run-20260924-122041,2026-09-24
express-zod,express,zod,get,100,5,5,11624.8,137.55,697410,8.17,8,11,11,35,0,0,0,136.90833333969115,120,83.13566666666667,85.61,34.838166666666666,35.82,15.425535,17.481727,82.46484375,0,0,50,0,run-20260924-122041,2026-09-24
express-zod,express,zod,post,100,1,50,1973.12,18.73,118387,50.17,50,52,53,58,0,0,0,0.9803466796875,120,17.843333333333334,21.65,33.526833333333336,34.14,11.862015,14.467071,80.671875,0,0,50,0,run-20260924-122041,2026-09-24
express-zod,express,zod,post,100,2,50,1974.8,15.46,118488,50.12,50,52,53,59,0,0,0,0.9811604881286621,120,17.598833333333335,21.51,34.896166666666666,35.39,11.976703,17.612799,80.66015625,0,0,50,0,run-20260924-122041,2026-09-24
express-zod,express,zod,post,100,3,50,1974.09,16.47,118445,50.15,50,52,53,63,0,0,0,0.9807779979705811,120,18.3075,22.42,35.1775,35.56,12.091391,15.253503,80.85546875,0,0,50,0,run-20260924-122041,2026-09-24
express-zod,express,zod,post,100,4,50,1975.39,15.88,118523,50.11,50,52,53,60,0,0,0,0.9814534568786621,120,17.527166666666666,22.58,34.50066666666667,35.18,11.698175,15.179775,79.82421875,0,0,50,0,run-20260924-122041,2026-09-24
express-zod,express,zod,post,100,5,50,1974.29,15.83,118457,50.13,50,52,53,63,0,0,0,0.9808919334411621,120,17.679,22.88,35.46666666666667,35.88,12.001279,16.261119,80.453125,0,0,50,0,run-20260924-122041,2026-09-24
express-zod,express,zod,post,100,1,5,13691.47,231.7,821456,6.84,6,10,11,50,0,0,0,6.802278652191162,120,89.93266666666666,93.12,38.36366666666667,39.04,15.359999,18.038783,83.62890625,0,0,50,0,run-20260924-122041,2026-09-24
express-zod,express,zod,post,100,2,5,13567.07,285.59,814003,6.92,6,11,12,32,0,0,0,6.740690107345581,120,88.50016666666667,93.75,37.7015,38.66,15.654911,22.593535,84.6953125,0,0,50,0,run-20260924-122041,2026-09-24
express-zod,express,zod,post,100,3,5,13617.2,259.58,817025,6.89,6,10,11,77,0,0,0,6.765755214691162,120,88.46716666666667,92.3,39.10666666666667,39.59,15.556607,19.562495,83.89453125,0,0,50,0,run-20260924-122041,2026-09-24
express-zod,express,zod,post,100,4,5,13580.27,287.39,814791,6.92,6,11,12,24,0,0,0,6.747200527191162,120,88.18516666666666,91.58,37.6705,37.85,15.728639,24.936447,84.61328125,0,0,50,0,run-20260924-122041,2026-09-24
express-zod,express,zod,post,100,5,5,13545.2,262.84,812694,6.93,6,11,12,34,0,0,0,6.729752607345581,120,88.4005,91.78,37.948,38.73,15.794175,21.544959,84.2734375,0,0,50,0,run-20260924-122041,2026-09-24
fastify-plain,fastify,plain,get,100,1,50,1943.1,38.5,116586,50.98,51,54,55,63,0,0,0,22.76484375,120,9.199333333333334,12.81,33.812666666666665,34.7,12.615679,19.152895,81.16015625,0,0,50,0,run-20260924-122041,2026-09-24
fastify-plain,fastify,plain,get,100,2,50,1949.6,31.21,116976,50.82,51,53,54,59,0,0,0,22.84140625,120,8.959666666666667,12.36,33.579166666666666,34.37,12.320767,17.416191,80.8671875,0,0,50,0,run-20260924-122041,2026-09-24
fastify-plain,fastify,plain,get,100,3,50,1943.52,40.07,116611,50.98,51,54,55,60,0,0,0,22.769010419845582,120,9.171166666666666,12.98,34.09766666666667,35.27,12.443647,16.334847,81.296875,0,0,50,0,run-20260924-122041,2026-09-24
fastify-plain,fastify,plain,get,100,4,50,1955.44,38.36,117326,50.7,51,53,54,61,0,0,0,22.909375,120,8.469166666666666,13.37,34.163833333333336,35.32,12.189695,17.285119,81.125,0,0,50,0,run-20260924-122041,2026-09-24
fastify-plain,fastify,plain,get,100,5,50,1957.67,36.72,117460,50.62,50,53,54,59,0,0,0,22.934895839691162,120,8.587333333333333,11.64,33.76166666666666,34.56,11.845631,15.368191,81.08984375,0,0,50,0,run-20260924-122041,2026-09-24
fastify-plain,fastify,plain,get,100,1,5,14833.74,432.07,889997,6.48,6,8,10,18,0,0,0,173.775,120,47.983333333333334,51.39,34.26441666666667,35.23,12.951551,17.350655,81.40625,0,0,50,0,run-20260924-122041,2026-09-24
fastify-plain,fastify,plain,get,100,2,5,14973.2,301.67,898353,6.45,6,8,9,14,0,0,0,175.41041666984557,120,48.553,51.29,34.2355,35.22,13.148159,16.097279,81.3125,0,0,50,0,run-20260924-122041,2026-09-24
fastify-plain,fastify,plain,get,100,3,5,14925.47,166.37,895489,6.42,6,8,9,17,0,0,0,174.85416666984557,120,49.53066666666667,51.45,34.254,35.07,13.213695,15.335423,81.25,0,0,50,0,run-20260924-122041,2026-09-24
fastify-plain,fastify,plain,get,100,4,5,15017.34,272.05,900985,6.43,6,8,9,16,0,0,0,175.92708333969117,120,48.461166666666664,51.25,34.039,35.01,13.475839,16.269311,81.44140625,0,0,50,0,run-20260924-122041,2026-09-24
fastify-plain,fastify,plain,get,100,5,5,14948.8,186.98,896890,6.45,6,8,9,18,0,0,0,175.12291666984558,120,48.72933333333334,51.37,34.2005,34.94,13.131775,16.891903,81.171875,0,0,50,0,run-20260924-122041,2026-09-24
fastify-plain,fastify,plain,post,100,1,50,1967.47,37.43,118048,50.31,50,52,53,59,0,0,0,0.853776044845581,120,7.969,11.99,35.9185,36.5,11.632639,15.458303,82.3359375,0,0,50,0,run-20260924-122041,2026-09-24
fastify-plain,fastify,plain,post,100,2,50,1965.55,35.32,117933,50.36,50,52,54,57,0,0,0,0.8529459667205811,120,7.772,11.72,35.047,35.47,11.206655,15.048703,82.50390625,0,0,50,0,run-20260924-122041,2026-09-24
fastify-plain,fastify,plain,post,100,3,50,1965.25,35.3,117915,50.39,50,52,54,57,0,0,0,0.852775068283081,120,7.776666666666666,12.43,34.81933333333333,35.56,11.493375,14.508031,82.24609375,0,0,50,0,run-20260924-122041,2026-09-24
fastify-plain,fastify,plain,post,100,4,50,1967.94,37.92,118076,50.32,50,52,53,58,0,0,0,0.853955078125,120,8.073833333333333,12.75,35.156666666666666,35.54,11.632639,13.377535,82.234375,0,0,50,0,run-20260924-122041,2026-09-24
fastify-plain,fastify,plain,post,100,5,50,1969.09,37.66,118145,50.28,50,52,53,58,0,0,0,0.8544677734375,120,8.173666666666668,12.17,35.55983333333333,35.96,11.599871,14.630911,82.37109375,0,0,50,0,run-20260924-122041,2026-09-24
fastify-plain,fastify,plain,post,100,1,5,17250.94,172.98,1035040,5.17,5,7,8,17,0,0,0,7.485286464691162,120,36.481833333333334,39.34,36.76916666666666,37.98,12.451839,14.598143,83.32421875,0,0,50,0,run-20260924-122041,2026-09-24
fastify-plain,fastify,plain,post,100,2,5,17168.27,231.01,1030073,5.2,5,7,8,20,0,0,0,7.449088544845581,120,36.574,40.26,36.20766666666667,37.08,12.378111,16.662527,83.60546875,0,0,50,0,run-20260924-122041,2026-09-24
fastify-plain,fastify,plain,post,100,3,5,17219.74,183.41,1033103,5.18,5,7,8,17,0,0,0,7.4714192771911625,120,36.37766666666666,40.79,37.91583333333333,38.56,12.582911,15.466495,83.234375,0,0,50,0,run-20260924-122041,2026-09-24
fastify-plain,fastify,plain,post,100,4,5,17221.07,185.11,1033212,5.18,5,7,8,15,0,0,0,7.472005214691162,120,36.8635,39.47,36.83416666666667,37.91,12.419071,14.483455,83.43359375,0,0,50,0,run-20260924-122041,2026-09-24
fastify-plain,fastify,plain,post,100,5,5,17222.94,167.35,1033348,5.18,5,7,8,16,0,0,0,7.473177089691162,120,36.47816666666667,39.75,35.9875,37.62,12.263423,16.023551,83.0703125,0,0,50,0,run-20260924-122041,2026-09-24
fastify-schema,fastify,schema,get,100,1,50,1919.54,44.78,115172,51.59,51,55,56,61,0,0,0,22.4890625,120,12.471333333333334,16.72,34.894666666666666,35.67,13.795327,18.366463,81.8984375,0,0,50,0,run-20260924-122041,2026-09-24
fastify-schema,fastify,schema,get,100,2,50,1927.14,37.24,115628,51.38,51,54,56,59,0,0,0,22.578125,120,12.654,18.2,35.154833333333336,35.88,13.336575,19.808255,82.2265625,0,0,50,0,run-20260924-122041,2026-09-24
fastify-schema,fastify,schema,get,100,3,50,1933.89,34.45,116033,51.2,51,54,55,60,0,0,0,22.657552089691162,120,12.798916666666667,17.15,34.90891666666667,35.57,12.673023,16.252927,81.9921875,0,0,50,0,run-20260924-122041,2026-09-24
fastify-schema,fastify,schema,get,100,4,50,1928.34,34.69,115700,51.35,51,54,55,60,0,0,0,22.5921875,120,12.676333333333334,17.41,35.15425,35.9,13.025279,16.211967,82.0234375,0,0,50,0,run-20260924-122041,2026-09-24
fastify-schema,fastify,schema,get,100,5,50,1909.97,47.45,114598,51.86,52,56,57,61,0,0,0,22.37708333969116,120,12.761833333333334,15.98,35.00516666666667,35.9,13.844479,19.185663,81.92578125,0,0,50,0,run-20260924-122041,2026-09-24
fastify-schema,fastify,schema,get,100,1,5,12452.67,307.09,747157,7.31,7,10,11,22,0,0,0,145.88125,120,61.805,65.45,35.32866666666666,35.99,14.434303,16.293887,82.48828125,0,0,50,0,run-20260924-122041,2026-09-24
fastify-schema,fastify,schema,get,100,2,5,12442.67,228.86,746518,7.33,7,10,11,23,0,0,0,145.75833333969115,120,62.102000000000004,64.9,35.1605,35.98,14.385151,16.326655,82.31640625,0,0,50,0,run-20260924-122041,2026-09-24
fastify-schema,fastify,schema,get,100,3,5,12318.14,348.73,739094,7.41,7,10,11,23,0,0,0,144.31666666984557,120,61.98316666666667,67.11,35.074333333333335,35.73,14.630911,18.431999,82.421875,0,0,50,0,run-20260924-122041,2026-09-24
fastify-schema,fastify,schema,get,100,4,5,12415.74,310.54,744887,7.32,7,10,11,21,0,0,0,145.43541666984558,120,61.471333333333334,65.02,35.42133333333334,36.17,14.409727,17.285119,82.57421875,0,0,50,0,run-20260924-122041,2026-09-24
fastify-schema,fastify,schema,get,100,5,5,12426.67,244.8,745597,7.31,7,10,11,22,0,0,0,145.57291666984557,120,61.50233333333333,65.38,35.1345,36.12,14.704639,17.268735,82.33203125,0,0,50,0,run-20260924-122041,2026-09-24
fastify-schema,fastify,schema,post,100,1,50,1968.75,34.66,118125,50.29,50,52,53,58,0,0,0,0.8543131542205811,120,8.343333333333334,12.63,37.861,38.1,11.632639,15.933439,83.59765625,0,0,50,0,run-20260924-122041,2026-09-24
fastify-schema,fastify,schema,post,100,2,50,1967.32,36.21,118039,50.31,50,52,54,60,0,0,0,0.8537028026580811,120,8.425166666666666,12.52,36.06016666666667,36.89,11.517951,14.499839,83.38671875,0,0,50,0,run-20260924-122041,2026-09-24
fastify-schema,fastify,schema,post,100,3,50,1966.52,36.27,117991,50.34,50,52,53,61,0,0,0,0.8533447265625,120,8.479166666666666,12.26,35.48916666666667,36.54,11.542527,17.416191,84.0703125,0,0,50,0,run-20260924-122041,2026-09-24
fastify-schema,fastify,schema,post,100,4,50,1967.9,36.58,118074,50.32,50,52,53,57,0,0,0,0.8539469432830811,120,8.275333333333334,12.99,36.723333333333336,37.06,11.534335,14.524415,83.44921875,0,0,50,0,run-20260924-122041,2026-09-24
fastify-schema,fastify,schema,post,100,5,50,1971.19,34.3,118271,50.22,50,52,53,57,0,0,0,0.8553873729705811,120,8.466166666666666,12.51,37.0775,37.29,11.550719,15.753215,83.4453125,0,0,50,0,run-20260924-122041,2026-09-24
fastify-schema,fastify,schema,post,100,1,5,16898.47,129.43,1013895,5.33,5,7,8,16,0,0,0,7.3322265625,120,36.982,41.91,38.779333333333334,39.11,12.492799,15.007743,84.30859375,0,0,50,0,run-20260924-122041,2026-09-24
fastify-schema,fastify,schema,post,100,2,5,16934.41,185.17,1016065,5.34,5,7,8,28,0,0,0,7.347786464691162,120,37.5455,42.56,37.587666666666664,38.27,12.410879,18.989055,83.890625,0,0,50,0,run-20260924-122041,2026-09-24
fastify-schema,fastify,schema,post,100,3,5,16910.07,160.81,1014571,5.34,5,7,8,16,0,0,0,7.337174482345581,120,37.199666666666666,41.48,38.020833333333336,38.45,12.312575,14.696447,84.12890625,0,0,50,0,run-20260924-122041,2026-09-24
fastify-schema,fastify,schema,post,100,4,5,16925,191.78,1015515,5.35,5,7,8,18,0,0,0,7.344270839691162,120,37.5015,41.05,38.17216666666667,38.61,12.476415,17.121279,84.23828125,0,0,50,0,run-20260924-122041,2026-09-24
fastify-schema,fastify,schema,post,100,5,5,16976.34,207.03,1018563,5.32,5,7,8,17,0,0,0,7.366145839691162,120,37.62833333333334,41.29,38.26716666666667,39.02,12.738559,17.170431,84.125,0,0,50,0,run-20260924-122041,2026-09-24
express-plain,express,plain,get,100,1,0,14536.14,183.67,872101,6.59,6,10,10,374,0,0,0,171.20625,120,98.53616666666667,100.54,36.638333333333335,37.71,17.039359,21.037055,79.03515625,0,0,50,0,run-20261005-162638,2026-10-05
express-plain,express,plain,get,100,2,0,14722.67,422.12,883338,6.41,6,10,10,413,0,0,0,173.41875,120,98.55933333333333,100.65,36.388333333333335,37.15,18.350079,20.414463,78.99609375,0,0,50,0,run-20261005-162638,2026-10-05
express-plain,express,plain,get,100,3,0,14594.54,215.8,875641,6.55,6,10,10,335,0,0,0,171.89791666984559,120,98.56099999999999,100.57,36.193666666666665,36.76,18.481151,23.199743,78.74609375,0,0,50,0,run-20261005-162638,2026-10-05
express-plain,express,plain,get,100,4,0,14646.4,144.81,878763,6.53,6,10,10,326,0,0,0,172.50625,120,98.54666666666667,100.52,35.4775,36.24,18.399231,19.546111,78.75390625,0,0,50,0,run-20261005-162638,2026-10-05
express-plain,express,plain,get,100,5,0,14814.8,196.39,888896,6.39,6,10,10,253,0,0,0,174.50416666984557,120,98.54633333333334,100.54,35.62583333333333,36.39,18.300927,21.495807,78.609375,0,0,50,0,run-20261005-162638,2026-10-05
fastify-plain,fastify,plain,get,100,1,0,34625.07,294.65,2077481,2.03,2,2,3,151,0,0,0,405.65,120,99.08833333333334,101.13,34.4575,35.13,12.320767,16.859135,77.9140625,0,0,50,0,run-20261005-162638,2026-10-05
fastify-plain,fastify,plain,get,100,2,0,35393.74,634.72,2123604,2.05,2,2,4,173,0,0,0,414.63333333969115,120,99.75366666666666,101.01,34.239666666666665,35.12,12.009471,15.982591,78.15625,0,0,50,0,run-20261005-162638,2026-10-05
fastify-plain,fastify,plain,get,100,3,0,34472.54,280.58,2068309,2.04,2,2,3,147,0,0,0,403.82083333969115,120,99.07566666666666,101.15,34.28783333333333,35.29,12.353535,17.760255,77.80859375,0,0,50,0,run-20261005-162638,2026-10-05
fastify-plain,fastify,plain,get,100,4,0,34632.67,461.2,2077994,2.04,2,2,3,190,0,0,0,405.725,120,99.05533333333334,101.08,34.10316666666667,34.82,12.156927,16.261119,77.91015625,0,0,50,0,run-20261005-162638,2026-10-05
fastify-plain,fastify,plain,get,100,5,0,34799.47,501.11,2087865,2.04,2,2,3,152,0,0,0,407.6541666698456,120,99.0375,101.18,34.390166666666666,35.42,12.287999,19.152895,78.09765625,0,0,50,0,run-20261005-162638,2026-10-05
express-plain,express,plain,get,100,1,0,14098.14,150.37,845874,6.69,6,10,11,205,0,0,0,166.06041666984558,120,98.49066666666667,100.53,35.688,36.57,17.104895,21.250047,78.81640625,0,0,50,50,run-20261005-164343,2026-10-05
express-plain,express,plain,get,100,2,0,14035.34,135.71,842109,6.7,6,10,11,307,0,0,0,165.31666666984557,120,98.534,100.6,36.949333333333335,37.58,19.054591,21.839871,79.0703125,0,0,50,50,run-20261005-164343,2026-10-05
express-plain,express,plain,get,100,3,0,14035.47,139.64,842100,6.69,6,10,11,286,0,0,0,165.30625,120,98.565,100.61,36.074,36.73,19.021823,21.004287,78.9140625,0,0,50,50,run-20261005-164343,2026-10-05
express-plain,express,plain,get,100,4,0,14093.07,188.57,845549,6.69,6,10,11,395,0,0,0,165.98958333969117,120,98.57166666666667,100.6,36.4885,37.28,18.956287,22.855679,78.97265625,0,0,50,50,run-20261005-164343,2026-10-05
express-plain,express,plain,get,100,5,0,14155.87,152.2,849326,6.68,6,10,11,198,0,0,0,166.72291666984557,120,98.53216666666667,100.54,36.393166666666666,37.26,18.907135,24.592383,79.546875,0,0,50,50,run-20261005-164343,2026-10-05
fastify-plain,fastify,plain,get,100,1,0,34931.07,574.69,2095859,2.04,2,2,3,179,0,0,0,409.19583333969115,120,99.0115,101.09,34.718833333333336,35.63,12.263423,18.595839,78.44921875,0,0,50,50,run-20261005-164343,2026-10-05
fastify-plain,fastify,plain,get,100,2,0,35966.4,688.72,2157967,2.05,2,2,5,94,0,0,0,421.32916666984556,120,98.973,101.01,34.532,35.23,12.058623,21.086207,78.5703125,0,0,50,50,run-20261005-164343,2026-10-05
fastify-plain,fastify,plain,get,100,3,0,34748.14,772.98,2084914,2.05,2,2,3,174,0,0,0,407.1,120,99.04016666666666,101.09,34.60583333333334,35.66,12.034047,17.137663,78.26171875,0,0,50,50,run-20261005-164343,2026-10-05
fastify-plain,fastify,plain,get,100,4,0,34361.2,592.07,2061743,2.09,2,3,3,164,0,0,0,402.55833333969116,120,99.00716666666666,101.09,34.61566666666667,35.38,12.181503,21.889023,78.6953125,0,0,50,50,run-20261005-164343,2026-10-05
fastify-plain,fastify,plain,get,100,5,0,34806.4,652.49,2088372,2.05,2,2,3,150,0,0,0,407.75,120,99.04633333333334,101.12,33.9965,34.69,12.230655,20.545535,78.13671875,0,0,50,50,run-20261005-164343,2026-10-05
express-plain,express,plain,get,100,1,0,12271.07,293.52,736239,7.73,7,12,12,361,0,0,0,144.52916666984558,120,98.57066666666667,100.67,37.138333333333335,38.01,20.119551,21.987327,79.40625,0,0,50,200,run-20261005-170050,2026-10-05
express-plain,express,plain,get,100,2,0,12248.27,148.13,734865,7.76,7,12,12,441,0,0,0,144.2625,120,98.58716666666666,100.59,36.344,37.61,19.202047,26.034175,79.765625,0,0,50,200,run-20261005-170050,2026-10-05
express-plain,express,plain,get,100,3,0,12128,132.32,727673,7.78,7,12,12,345,0,0,0,142.85416666984557,120,98.5145,100.59,36.220333333333336,37.04,19.464191,22.036479,79.328125,0,0,50,200,run-20261005-170050,2026-10-05
express-plain,express,plain,get,100,4,0,12333.74,110.96,739999,7.72,7,12,12,407,0,0,0,145.27708333969116,120,98.55433333333333,100.56,37.115833333333335,37.62,19.251199,20.594687,79.3671875,0,0,50,200,run-20261005-170050,2026-10-05
express-plain,express,plain,get,100,5,0,12027.87,488.66,721641,7.87,7,12,13,444,0,0,0,141.65885416984557,120,98.6135,100.75,36.736333333333334,37.5,20.955135,22.577151,79.6171875,0,0,50,200,run-20261005-170050,2026-10-05
fastify-plain,fastify,plain,get,100,1,0,34616.54,414.07,2076960,2.04,2,2,3,166,0,0,0,405.5291666698456,120,99.035,101.05,36.19683333333333,36.95,12.034047,16.752639,79.58984375,0,0,50,200,run-20261005-170050,2026-10-05
fastify-plain,fastify,plain,get,100,2,0,34992.67,756.12,2099489,2.08,2,3,5,197,0,0,0,409.9125,120,98.991,101.07,36.197833333333335,36.79,12.034047,19.398655,79.8359375,0,0,50,200,run-20261005-170050,2026-10-05
fastify-plain,fastify,plain,get,100,3,0,34533.2,711.42,2072017,2.06,2,3,3,184,0,0,0,404.55833333969116,120,99.04416666666667,101.11,36.149,36.64,11.976703,17.235967,79.97265625,0,0,50,200,run-20261005-170050,2026-10-05
fastify-plain,fastify,plain,get,100,4,0,33915.47,407.43,2034918,2.09,2,3,3,110,0,0,0,397.30833333969116,120,99.0555,101.1,36.2695,37.39,12.533759,19.824639,80.1015625,0,0,50,200,run-20261005-170050,2026-10-05
fastify-plain,fastify,plain,get,100,5,0,35078.4,669.16,2104774,2.06,2,2,4,111,0,0,0,410.95,120,99.01866666666666,101.06,35.8955,36.99,11.952127,16.547839,79.60546875,0,0,50,200,run-20261005-170050,2026-10-05
